price,year,make,model,trim,miles,transmission,drivetrain,highway_mpg,city_mpg,doors,latitude,longitude,listing_date,car_age,price_per_mile,region_cluster_1,region_cluster_2,region_cluster_3,region_cluster_4,region_cluster_5,region_cluster_6,region_cluster_7,region_cluster_8,region_cluster_9,age_miles_ratio,mileage_bucket,region_cluster
68500.0,2022,7,71,11,29107.0,0,0,34.0,28.0,4.0,38.58656,-90.612385,1730710489,3,2.353385783488508,0,0,1,0,0,0,0,0,0,7276.75,1,7
44987.0,2021,3,78,45,92673.0,0,0,26.0,20.0,5.0,38.197824,-84.273761,1754191819,4,0.4854380456011999,0,0,1,0,0,0,0,0,0,18534.6,2,3
65999.0,2024,3,78,45,10385.0,0,0,26.0,20.0,5.0,35.176705,-80.796985,1754620707,1,6.355223880597015,0,0,0,0,0,0,0,0,1,5192.5,0,9
51590.0,2018,7,71,11,93945.0,0,0,34.0,28.0,4.0,40.549286,-74.58278,1754446254,7,0.549151099047315,0,0,0,0,0,1,0,0,0,11743.125,2,6
105000.0,2024,7,42,4,15557.0,0,0,48.0,59.0,4.0,30.276744,-97.742027,1746067086,1,6.749373272481841,0,0,0,0,1,0,0,0,0,7778.5,0,4
19874.0,2023,17,65,58,37588.0,1,1,37.0,30.0,5.0,27.96455,-82.73079,1754445681,2,0.5287325742258168,0,0,0,0,0,0,1,0,0,12529.333333333334,1,0
19848.0,2023,17,65,58,48012.0,1,1,37.0,30.0,5.0,40.856025,-73.168016,1754620630,2,0.4133966508372906,0,0,0,0,0,1,0,0,0,16004.0,1,6
49987.0,2021,3,78,75,74773.0,0,0,26.0,20.0,5.0,38.197824,-84.273761,1753933816,4,0.6685167105773474,0,0,1,0,0,0,0,0,0,14954.6,2,3
22975.0,2024,17,46,58,156.0,1,1,36.0,31.0,5.0,38.780522,-90.357552,1754620617,1,147.27564102564102,0,0,1,0,0,0,0,0,0,78.0,0,7
20975.0,2024,17,46,58,16209.0,1,1,36.0,31.0,5.0,38.780522,-90.357552,1754620607,1,1.294034178542785,0,0,1,0,0,0,0,0,0,8104.5,0,7
45970.0,2023,6,31,33,67959.0,0,0,25.0,20.0,4.0,33.56567,-84.527549,1753318398,2,0.676437263644256,1,0,0,0,0,0,0,0,0,22653.0,2,9
21975.0,2023,17,46,58,7263.0,1,1,36.0,31.0,5.0,38.780522,-90.357552,1754620598,2,3.025609252375052,0,0,1,0,0,0,0,0,0,2421.0,0,7
22975.0,2024,17,46,57,17491.0,1,1,36.0,31.0,5.0,38.780522,-90.357552,1754620598,1,1.3135326739466011,0,0,1,0,0,0,0,0,0,8745.5,0,7
21975.0,2024,17,46,57,22907.0,1,1,36.0,31.0,5.0,38.780522,-90.357552,1754620597,1,0.959313746889597,0,0,1,0,0,0,0,0,0,11453.5,1,7
21100.0,2023,17,65,58,55562.0,1,1,37.0,30.0,5.0,39.140563,-121.656919,1753238674,2,0.379755948309996,0,0,0,0,0,0,0,1,0,18520.666666666668,1,5
40985.0,2021,6,31,72,38569.0,0,0,28.0,24.0,4.0,47.225872,-122.46493,1754018988,4,1.06264098109881,0,0,0,1,0,0,0,0,0,7713.8,1,1
20999.0,2021,17,52,58,63200.0,1,1,26.0,24.0,5.0,43.495959,-112.04895,1752893065,4,0.3322626582278481,0,0,0,0,0,0,0,0,0,12640.0,2,8
21590.0,2022,17,65,47,58265.0,0,0,35.0,28.0,5.0,35.373771,-80.633215,1753934550,3,0.3705483566463571,0,0,0,0,0,0,0,0,1,14566.25,1,9
21500.0,2019,21,9,47,32234.0,0,1,33.0,26.0,3.0,37.505965,-77.592883,1754103644,6,0.6669975801948254,0,0,0,0,0,0,0,0,1,4604.857142857143,1,9
32554.0,2017,3,78,42,88131.0,0,0,26.0,20.0,5.0,33.630517,-111.895704,1754534641,8,0.3693819427897107,0,0,0,0,0,0,0,0,0,9792.333333333334,2,8
34199.0,2019,3,78,29,50602.0,0,0,26.0,20.0,5.0,35.18993,-106.57923,1754102805,6,0.6758428520611833,0,0,0,0,0,0,0,0,0,7228.857142857143,1,8
19999.0,2019,17,52,58,47690.0,0,1,26.0,24.0,5.0,26.582746,-81.874557,1754534607,6,0.4193541622981757,0,0,0,0,0,0,1,0,0,6812.857142857143,1,0
38994.0,2023,6,31,72,43626.0,0,0,28.0,24.0,4.0,47.225872,-122.46493,1754018983,2,0.8938247833860542,0,0,0,1,0,0,0,0,0,14542.0,1,1
16491.0,2022,17,46,58,74283.0,1,1,36.0,31.0,5.0,40.334313,-75.138029,1754620559,3,0.2220023423932797,0,0,0,0,0,1,0,0,0,18570.75,2,6
21200.0,2023,17,65,47,52464.0,1,1,37.0,30.0,5.0,34.228957,-119.152693,1753325046,2,0.4040866117718816,0,0,0,0,0,0,0,1,0,17488.0,1,5
19999.0,2023,17,65,47,47219.0,1,1,37.0,30.0,5.0,33.317063,-86.799697,1754534597,2,0.4235371354751265,1,0,0,0,0,0,0,0,0,15739.666666666666,1,9
26990.0,2022,20,22,49,27277.0,2,1,37.0,29.0,4.0,29.777745,-95.543887,1710192820,3,0.9894783150639732,0,0,0,0,1,0,0,0,0,6819.25,1,4
21921.0,2022,20,22,49,54935.0,1,1,41.0,32.0,4.0,35.750612,-78.83656,1754420422,3,0.3990352234458906,0,0,0,0,0,0,0,0,1,13733.75,1,9
19999.0,2024,17,46,58,24964.0,1,1,36.0,31.0,5.0,38.822133,-76.917399,1753498181,1,0.8011136035891684,0,0,0,0,0,1,0,0,0,12482.0,1,6
13180.0,2019,17,46,58,82041.0,1,1,36.0,31.0,5.0,37.339961,-76.75285,1754273654,6,0.16065138162626,0,0,0,0,0,0,0,0,1,11720.142857142857,2,6
17499.0,2015,3,77,30,137212.0,0,0,26.0,20.0,5.0,41.207903,-96.023028,1753322817,10,0.1275325773255983,0,0,0,0,1,0,0,0,0,12473.818181818182,3,7
19999.0,2024,17,46,58,27223.0,1,1,36.0,31.0,5.0,38.262041,-77.494619,1753843722,1,0.7346361532527642,0,0,0,0,0,0,0,0,1,13611.5,1,6
19999.0,2023,17,46,57,29017.0,1,1,36.0,31.0,5.0,32.940256,-97.311921,1754620545,2,0.6892166660922907,0,0,0,0,1,0,0,0,0,9672.333333333334,1,4
51995.0,2023,3,77,29,25047.0,0,0,26.0,20.0,5.0,41.207903,-96.023028,1754016596,2,2.075897313051464,0,0,0,0,1,0,0,0,0,8349.0,1,7
21000.0,2021,17,46,57,8134.0,1,1,36.0,31.0,5.0,29.556958,-98.344524,1754189957,4,2.5817555938037864,0,0,0,0,1,0,0,0,0,1626.8,0,4
19788.0,2023,17,65,47,57454.0,1,0,35.0,28.0,5.0,33.825375,-84.103812,1754445796,2,0.3444146621645142,1,0,0,0,0,0,0,0,0,19151.33333333333,1,9
22599.0,2025,21,44,49,18525.0,0,1,40.0,30.0,4.0,39.62704,-104.987398,1754103148,0,1.219919028340081,0,0,0,0,0,0,0,0,0,18525.0,0,8
22459.0,2025,21,44,49,16304.0,0,1,40.0,30.0,4.0,42.453896,-70.960347,1754361386,0,1.3775147203140334,0,0,0,0,0,1,0,0,0,16304.0,0,6
40889.0,2023,6,31,72,27470.0,0,0,25.0,20.0,4.0,47.225872,-122.46493,1754018982,2,1.4884965416818348,0,0,0,1,0,0,0,0,0,9156.666666666666,1,1
22250.0,2025,21,44,49,15507.0,0,1,40.0,30.0,4.0,33.639435,-112.088553,1754361386,0,1.4348358805700652,0,0,0,0,0,0,0,0,0,15507.0,0,8
22250.0,2025,21,44,49,15706.0,0,1,40.0,30.0,4.0,26.43318,-81.781458,1754620539,0,1.4166560550108238,0,0,0,0,0,0,1,0,0,15706.0,0,0
49390.0,2023,6,31,33,37924.0,0,0,27.0,24.0,4.0,28.674372,-81.48119,1754620537,2,1.3023415251555743,0,0,0,0,0,0,1,0,0,12641.333333333334,1,0
49900.0,2022,3,78,75,83982.0,0,0,26.0,20.0,5.0,28.674372,-81.48119,1754534031,3,0.5941749422495297,0,0,0,0,0,0,1,0,0,20995.5,2,0
13987.0,2021,17,46,47,59468.0,1,1,36.0,31.0,5.0,38.197824,-84.273761,1754448168,4,0.2352021255128809,0,0,1,0,0,0,0,0,0,11893.6,1,3
19999.0,2023,17,65,47,46398.0,1,0,35.0,28.0,5.0,33.640607,-112.252489,1754102659,2,0.4310315099788784,0,0,0,0,0,0,0,0,0,15466.0,1,8
20933.0,2023,17,65,47,53317.0,1,0,35.0,28.0,5.0,37.320745,-79.996871,1754620522,2,0.3926139880338353,0,0,0,0,0,0,0,0,1,17772.333333333332,1,9
15918.0,2020,17,46,57,59960.0,1,1,36.0,31.0,5.0,39.090866,-84.252162,1754534563,5,0.2654769846564376,0,0,1,0,0,0,0,0,0,9993.333333333334,1,3
59922.0,2022,3,78,25,28782.0,0,0,26.0,20.0,5.0,38.798766,-90.59846,1754017193,3,2.081926203877424,0,0,1,0,0,0,0,0,0,7195.5,1,7
14524.0,2021,17,84,58,69859.0,1,1,40.0,32.0,4.0,35.035373,-89.794436,1754112314,4,0.2079044933365779,1,0,0,0,0,0,0,0,0,13971.8,2,7
16692.0,2024,17,46,58,46376.0,1,1,36.0,31.0,5.0,40.476648,-74.862592,1754620504,1,0.3599275487321028,0,0,0,0,0,1,0,0,0,23188.0,1,6
28582.0,2022,19,36,8,9943.0,1,0,33.0,26.0,5.0,43.10755,-75.29466,1754360657,3,2.8745851352710448,0,0,0,0,0,1,0,0,0,2485.75,0,6
12795.0,2020,17,46,58,85705.0,1,1,36.0,31.0,5.0,31.087156,-97.705268,1754446671,5,0.1492911732104311,0,0,0,0,1,0,0,0,0,14284.166666666666,2,4
27990.0,2020,6,31,72,100051.0,0,0,28.0,24.0,4.0,42.268412,-71.406589,1749525780,5,0.2797573237648799,0,0,0,0,0,1,0,0,0,16675.166666666668,3,6
32981.0,2020,3,77,28,63452.0,0,2,27.0,21.0,5.0,39.955002,-83.105412,1754533857,5,0.519778730378869,0,0,1,0,0,0,0,0,0,10575.333333333334,2,3
18145.0,2021,17,46,57,62792.0,1,1,36.0,31.0,5.0,41.550949,-87.273945,1753496631,4,0.2889699324754746,0,0,1,0,0,0,0,0,0,12558.4,2,3
8900.0,2014,3,24,0,78255.0,0,1,42.0,30.0,4.0,42.477742,-83.464772,1752984869,11,0.1137307520286243,0,0,1,0,0,0,0,0,0,6521.25,2,3
11960.0,2020,17,84,57,69177.0,1,1,40.0,32.0,4.0,35.688606,-78.55963,1744940223,5,0.1728898333261055,0,0,0,0,0,0,0,0,1,11529.5,2,9
7000.0,2011,6,31,72,242312.0,0,2,30.0,25.0,4.0,36.15231,-95.904878,1736401471,14,0.0288883753177721,0,0,0,0,1,0,0,0,0,16154.133333333331,3,7
14000.0,2015,3,78,28,159138.0,0,0,26.0,20.0,5.0,36.15231,-95.904878,1749613083,10,0.0879739597079264,0,0,0,0,1,0,0,0,0,14467.09090909091,3,7
9932.0,2018,6,35,49,79913.0,0,1,42.0,30.0,4.0,31.087156,-97.705268,1753759103,7,0.1242851601116213,0,0,0,0,1,0,0,0,0,9989.125,2,4
81900.0,2023,6,33,34,15817.0,0,0,34.0,28.0,4.0,35.688606,-78.55963,1747878172,2,5.177973066953278,0,0,0,0,0,0,0,0,1,5272.333333333333,0,9
23590.0,2023,12,37,21,34019.0,0,1,35.0,27.0,4.0,35.373771,-80.633215,1754360564,2,0.6934360210470619,0,0,0,0,0,0,0,0,1,11339.666666666666,1,9
14688.0,2020,16,55,49,64821.0,1,0,30.0,24.0,5.0,43.620364,-116.298611,1753933393,5,0.2265932336742722,0,0,0,1,0,0,0,0,0,10803.5,2,1
37000.0,2019,6,31,26,70521.0,0,0,27.0,24.0,4.0,47.225872,-122.46493,1753333527,6,0.5246664114235476,0,0,0,1,0,0,0,0,0,10074.42857142857,2,1
34990.0,2020,3,77,29,83527.0,0,0,26.0,20.0,5.0,39.955002,-83.105412,1753415108,5,0.4189064613837441,0,0,1,0,0,0,0,0,0,13921.166666666666,2,3
35990.0,2019,3,77,42,94270.0,0,0,26.0,20.0,5.0,39.955002,-83.105412,1753415089,6,0.3817757505038718,0,0,1,0,0,0,0,0,0,13467.142857142857,2,3
12590.0,2018,12,34,31,98265.0,2,1,37.0,27.0,4.0,29.304737,-98.39608,1752719985,7,0.1281229328855645,0,0,0,0,1,0,0,0,0,12283.125,2,4
20999.0,2023,17,65,47,47243.0,1,0,35.0,28.0,5.0,35.176705,-80.796985,1754620475,2,0.4444891306648604,0,0,0,0,0,0,0,0,1,15747.666666666666,1,9
38888.0,2021,3,78,29,113733.0,0,0,26.0,20.0,5.0,39.955002,-83.105412,1754191207,4,0.3419236281466241,0,0,1,0,0,0,0,0,0,22746.6,3,3
26449.0,2025,14,14,48,18581.0,0,0,31.0,26.0,5.0,36.143864,-115.127092,1754620474,0,1.4234433022980464,0,0,0,0,0,0,0,1,0,18581.0,0,5
31992.0,2020,6,31,72,72291.0,0,0,28.0,24.0,4.0,35.191659,-80.764561,1753842679,5,0.4425447151097647,0,0,0,0,0,0,0,0,1,12048.5,2,9
49990.0,2021,3,77,75,74119.0,0,0,26.0,20.0,5.0,39.955002,-83.105412,1752372385,4,0.6744559424708914,0,0,1,0,0,0,0,0,0,14823.8,2,3
20937.0,2017,19,36,34,37736.0,0,0,33.0,26.0,5.0,43.218206,-77.746271,1754447242,8,0.5548282806868773,0,0,0,0,0,1,0,0,0,4192.888888888889,1,6
26447.0,2024,14,14,48,19474.0,0,0,31.0,26.0,5.0,21.32774,-157.902132,1754620473,1,1.3580671664783814,0,1,0,0,0,0,0,0,0,9737.0,0,2
26447.0,2024,14,14,48,19284.0,0,0,31.0,26.0,5.0,21.32774,-157.902132,1754620473,1,1.371447832399917,0,1,0,0,0,0,0,0,0,9642.0,0,2
26446.0,2024,14,14,48,19323.0,0,0,31.0,26.0,5.0,21.32774,-157.902132,1754620473,1,1.3686280598250788,0,1,0,0,0,0,0,0,0,9661.5,0,2
26444.0,2024,14,14,48,19331.0,0,0,31.0,26.0,5.0,21.32774,-157.902132,1754620473,1,1.3679582018519476,0,1,0,0,0,0,0,0,0,9665.5,0,2
18500.0,2021,20,22,27,21252.0,1,1,41.0,32.0,4.0,39.437588,-76.801076,1754447162,4,0.870506305288914,0,0,0,0,0,1,0,0,0,4250.4,1,6
26440.0,2024,14,14,48,19413.0,0,0,31.0,26.0,5.0,21.32774,-157.902132,1754620472,1,1.3619739349920157,0,1,0,0,0,0,0,0,0,9706.5,0,2
26439.0,2024,14,14,48,19471.0,0,0,31.0,26.0,5.0,21.32774,-157.902132,1754620472,1,1.3578655436289866,0,1,0,0,0,0,0,0,0,9735.5,0,2
26437.0,2024,14,14,48,19575.0,0,0,31.0,26.0,5.0,21.32774,-157.902132,1754620472,1,1.350549169859515,0,1,0,0,0,0,0,0,0,9787.5,0,2
42577.0,2025,20,17,73,41516.0,1,1,47.0,48.0,4.0,35.750612,-78.83656,1754542463,0,1.0255564119857403,0,0,0,0,0,0,0,0,1,41516.0,1,9
26434.0,2024,14,14,48,19553.0,0,0,31.0,26.0,5.0,21.32774,-157.902132,1754620471,1,1.3519153071139978,0,1,0,0,0,0,0,0,0,9776.5,0,2
26426.0,2025,14,14,48,21381.0,0,0,31.0,26.0,5.0,29.783838,-95.67468,1754620471,0,1.2359571582245918,0,0,0,0,1,0,0,0,0,21381.0,1,4
26433.0,2024,14,14,48,19615.0,0,0,31.0,26.0,5.0,21.32774,-157.902132,1754620471,1,1.3475911292378282,0,1,0,0,0,0,0,0,0,9807.5,0,2
26417.0,2024,14,14,48,19631.0,0,0,31.0,26.0,5.0,21.32774,-157.902132,1754620470,1,1.3456777545718506,0,1,0,0,0,0,0,0,0,9815.5,0,2
26422.0,2025,14,14,48,19239.0,0,0,31.0,26.0,5.0,28.053463,-82.459749,1754620470,0,1.3733562035448827,0,0,0,0,0,0,1,0,0,19239.0,0,0
11499.0,2009,8,2,14,79142.0,0,1,32.0,21.0,2.0,40.033807,-75.023764,1754620469,16,0.1452957974274089,0,0,0,0,0,1,0,0,0,4655.411764705882,2,6
16860.0,2023,3,10,29,43272.0,0,1,110.0,131.0,5.0,32.832108,-117.143916,1754445164,2,0.3896283971159179,0,0,0,0,0,0,0,1,0,14424.0,1,5
16860.0,2023,3,10,29,22077.0,0,1,110.0,131.0,5.0,33.843386,-118.354162,1754445164,2,0.7636907188476695,0,0,0,0,0,0,0,1,0,7359.0,1,5
35494.0,2024,3,73,10,25183.0,0,2,24.0,20.0,4.0,26.246535,-98.177423,1754620468,1,1.4094428781320731,0,0,0,0,1,0,0,0,0,12591.5,1,4
16800.0,2023,3,10,29,40816.0,0,1,110.0,131.0,5.0,33.639435,-112.088553,1754620467,2,0.4116032928263426,0,0,0,0,0,0,0,0,0,13605.333333333334,1,8
16389.0,2023,17,4,58,47492.0,1,1,39.0,28.0,4.0,25.970138,-80.205246,1754104089,2,0.3450896993177798,0,0,0,0,0,0,1,0,0,15830.666666666666,1,0
9525.0,2016,3,25,0,71153.0,0,1,38.0,26.0,4.0,42.134127,-83.227443,1754195271,9,0.1338664567902969,0,0,1,0,0,0,0,0,0,7115.3,2,3
7987.0,2017,17,83,58,86532.0,1,1,40.0,31.0,5.0,28.380541,-81.403428,1754449148,8,0.0923011140387371,0,0,0,0,0,0,1,0,0,9614.666666666666,2,0
24587.0,2024,17,69,57,15015.0,1,1,39.0,30.0,4.0,28.380541,-81.403428,1754363151,1,1.6374958374958375,0,0,0,0,0,0,1,0,0,7507.5,0,0
65859.0,2024,3,78,75,20504.0,0,0,26.0,20.0,5.0,34.790091,-77.372728,1754367150,1,3.2120074131876706,0,0,0,0,0,0,0,0,1,10252.0,1,9
24296.0,2024,14,14,48,29921.0,0,0,31.0,26.0,5.0,35.256881,-81.102281,1754016097,1,0.8120049463587447,0,0,0,0,0,0,0,0,1,14960.5,1,9
28989.0,2022,6,51,16,24859.0,0,2,33.0,22.0,2.0,28.019156,-82.105983,1754534506,3,1.1661370127519208,0,0,0,0,0,0,1,0,0,6214.75,1,0
36000.0,2020,6,31,26,93528.0,0,0,27.0,24.0,4.0,30.135139,-91.977029,1752892485,5,0.3849114703618168,0,0,0,0,1,0,0,0,0,15588.0,2,4
17000.0,2024,17,84,57,20465.0,1,1,40.0,32.0,4.0,47.472687,-122.333377,1754534660,1,0.8306865379916931,0,0,0,1,0,0,0,0,0,10232.5,1,1
34988.0,2019,6,31,39,83752.0,0,0,27.0,24.0,4.0,47.225872,-122.46493,1754535163,6,0.4177571878880504,0,0,0,1,0,0,0,0,0,11964.57142857143,2,1
17000.0,2024,17,84,57,22405.0,1,1,40.0,32.0,4.0,47.472687,-122.333377,1754534660,1,0.758759205534479,0,0,0,1,0,0,0,0,0,11202.5,1,1
18995.0,2024,17,4,58,2888.0,0,1,39.0,28.0,4.0,40.723028,-73.727421,1747188570,1,6.577216066481994,0,0,0,0,0,1,0,0,0,1444.0,0,6
19999.0,2024,17,69,58,16670.0,1,1,40.0,30.0,4.0,40.834189,-73.364925,1754534591,1,1.1997000599880023,0,0,0,0,0,1,0,0,0,8335.0,0,6
19799.0,2023,17,65,47,63412.0,1,1,37.0,30.0,5.0,28.544792,-81.738813,1754620451,2,0.312227969469501,0,0,0,0,0,0,1,0,0,21137.33333333333,2,0
35335.0,2023,3,73,10,39405.0,0,2,24.0,20.0,4.0,26.246535,-98.177423,1754620450,2,0.8967136150234741,0,0,0,0,1,0,0,0,0,13135.0,1,4
18990.0,2018,19,36,74,99366.0,1,0,28.0,23.0,5.0,41.459784,-87.729945,1754620445,7,0.1911116478473522,0,0,1,0,0,0,0,0,0,12420.75,2,3
5791.0,2013,3,24,2,116042.0,0,1,38.0,26.0,4.0,33.414518,-111.849499,1754620444,12,0.0499043449785422,0,0,0,0,0,0,0,0,0,8926.307692307691,3,8
33998.0,2024,3,73,69,22565.0,0,0,21.0,18.0,2.0,35.90826,-84.131912,1753582700,1,1.5066696210946156,1,0,0,0,0,0,0,0,0,11282.5,1,9
19885.0,2023,17,46,57,44584.0,1,1,36.0,31.0,5.0,44.950134,-92.922093,1754361149,2,0.4460120222501346,0,0,1,0,0,0,0,0,0,14861.333333333334,1,7
32990.0,2024,19,54,34,25900.0,1,0,30.0,23.0,5.0,39.824942,-85.923198,1754442477,1,1.2737451737451737,0,0,1,0,0,0,0,0,0,12950.0,1,3
6491.0,2017,6,29,49,135991.0,0,1,34.0,28.0,5.0,33.414518,-111.849499,1754445153,8,0.0477310998521961,0,0,0,0,0,0,0,0,0,15110.111111111111,3,8
31987.0,2021,6,31,72,89773.0,0,0,28.0,24.0,4.0,38.197824,-84.273761,1754448146,4,0.3563098036157864,0,0,1,0,0,0,0,0,0,17954.6,2,3
31598.0,2022,11,86,60,60727.0,0,0,29.0,30.0,5.0,35.90826,-84.131912,1754102002,3,0.5203286841108568,1,0,0,0,0,0,0,0,0,15181.75,2,9
34587.0,2021,6,31,33,96135.0,0,0,27.0,24.0,4.0,38.197824,-84.273761,1752726357,4,0.3597753159619285,0,0,1,0,0,0,0,0,0,19227.0,2,3
22387.0,2021,21,6,50,77245.0,0,0,24.0,21.0,5.0,38.197824,-84.273761,1752213109,4,0.2898181112046087,0,0,1,0,0,0,0,0,0,15449.0,2,3
13950.0,2017,6,31,72,195655.0,0,2,30.0,25.0,4.0,35.722487,-78.925375,1749182611,8,0.071298970125987,0,0,0,0,0,0,0,0,1,21739.444444444445,3,9
33900.0,2023,17,50,39,15503.0,1,0,28.0,21.0,5.0,41.609472,-93.755189,1753153595,2,2.186673547055409,0,0,1,0,0,0,0,0,0,5167.666666666667,0,7
22947.0,2024,6,29,5,8156.0,0,1,34.0,28.0,5.0,21.32774,-157.902132,1754620432,1,2.813511525257479,0,1,0,0,0,0,0,0,0,4078.0,0,2
22000.0,2025,21,44,49,17617.0,0,1,40.0,30.0,4.0,28.053463,-82.459749,1754360840,0,1.2487937787364478,0,0,0,0,0,0,1,0,0,17617.0,0,0
15285.0,2018,17,50,54,105678.0,1,1,28.0,21.0,5.0,34.01724,-81.075345,1754447519,7,0.1446374836768296,0,0,0,0,0,0,0,0,1,13209.75,3,9
13977.0,2020,1,28,41,96532.0,0,1,33.0,27.0,5.0,34.170186,-84.782018,1749170726,5,0.1447913645216094,1,0,0,0,0,0,0,0,0,16088.666666666666,2,9
38905.0,2025,12,75,47,5.0,0,0,28.0,23.0,5.0,39.689936,-74.253376,1754534374,0,7781.0,0,0,0,0,0,1,0,0,0,5.0,0,6
20490.0,2019,3,78,28,95546.0,0,2,28.0,21.0,5.0,25.45967,-80.468198,1754534657,6,0.2144516777259121,0,0,0,0,0,0,1,0,0,13649.42857142857,2,0
20300.0,2023,12,37,22,17914.0,0,1,40.0,29.0,4.0,39.140563,-121.656919,1752460433,2,1.1331919169364744,0,0,0,0,0,0,0,1,0,5971.333333333333,0,5
28599.0,2025,21,44,51,10671.0,0,1,41.0,30.0,4.0,29.80134,-94.993979,1754188999,0,2.680067472589261,0,0,0,0,1,0,0,0,0,10671.0,0,4
19998.0,2024,12,37,22,25916.0,0,1,40.0,29.0,4.0,33.513305,-117.155963,1754447193,1,0.7716468590831919,0,0,0,0,0,0,0,1,0,12958.0,1,5
19999.0,2024,12,37,22,26952.0,0,1,40.0,29.0,4.0,33.513305,-117.155963,1753755075,1,0.7420228554467201,0,0,0,0,0,0,0,1,0,13476.0,1,5
19999.0,2024,12,37,22,32382.0,0,1,40.0,29.0,4.0,33.513305,-117.155963,1753755076,1,0.6175961954172071,0,0,0,0,0,0,0,1,0,16191.0,1,5
22000.0,2025,21,44,49,19320.0,0,1,40.0,30.0,4.0,28.053463,-82.459749,1754620424,0,1.1387163561076603,0,0,0,0,0,0,1,0,0,19320.0,0,0
38541.0,2023,6,31,72,41288.0,0,0,28.0,24.0,4.0,47.225872,-122.46493,1754018987,2,0.93346735128851,0,0,0,1,0,0,0,0,0,13762.666666666666,1,1
19840.0,2023,17,4,58,32465.0,1,1,39.0,28.0,4.0,21.32774,-157.902132,1754620423,2,0.6111196673340521,0,1,0,0,0,0,0,0,0,10821.666666666666,1,2
4791.0,2014,17,84,58,129640.0,1,1,40.0,32.0,4.0,33.415971,-111.616012,1753843790,11,0.0369561863622338,0,0,0,0,0,0,0,0,0,10803.333333333334,3,8
19824.0,2023,17,65,58,46784.0,1,1,37.0,30.0,5.0,45.496351,-122.412249,1754620422,2,0.423734610123119,0,0,0,1,0,0,0,0,0,15594.666666666666,1,1
19827.0,2023,17,65,58,46762.0,1,1,37.0,30.0,5.0,26.137551,-80.133625,1754620422,2,0.4239981181301056,0,0,0,0,0,0,1,0,0,15587.333333333334,1,0
24440.0,2024,14,14,48,24488.0,0,0,31.0,26.0,5.0,43.146139,-88.053233,1754534270,1,0.9980398562561256,0,0,1,0,0,0,0,0,0,12244.0,1,3
35998.0,2022,6,31,72,58801.0,0,0,25.0,20.0,4.0,47.225872,-122.46493,1754018864,3,0.6122004727810751,0,0,0,1,0,0,0,0,0,14700.25,1,1
17990.0,2023,3,10,29,26553.0,0,1,110.0,131.0,5.0,28.077342,-81.601247,1754374675,2,0.6775128987308402,0,0,0,0,0,0,1,0,0,8851.0,1,0
19800.0,2023,17,65,47,64463.0,1,0,35.0,28.0,5.0,33.639435,-112.088553,1754534985,2,0.3071529404464576,0,0,0,0,0,0,0,0,0,21487.666666666668,2,8
19807.0,2023,17,65,58,48462.0,1,1,37.0,30.0,5.0,40.856025,-73.168016,1754620421,2,0.4087119805208204,0,0,0,0,0,1,0,0,0,16154.0,1,6
27990.0,2024,3,73,69,10392.0,0,2,24.0,20.0,2.0,38.840234,-94.538738,1754620420,1,2.693418013856813,0,0,0,0,1,0,0,0,0,5196.0,0,7
27590.0,2024,3,73,69,12966.0,0,2,24.0,20.0,2.0,39.824942,-85.923198,1754371178,1,2.1278728983495294,0,0,1,0,0,0,0,0,0,6483.0,0,3
23990.0,2018,3,16,0,33084.0,0,2,31.0,22.0,2.0,28.077342,-81.601247,1754442220,7,0.7251239269737637,0,0,0,0,0,0,1,0,0,4135.5,1,0
37500.0,2023,10,60,53,9959.0,0,0,27.0,19.0,4.0,30.276744,-97.742027,1744420697,2,3.7654382970177727,0,0,0,0,1,0,0,0,0,3319.6666666666665,0,4
19699.0,2023,17,4,57,61536.0,1,1,39.0,27.0,4.0,26.15359,-80.20174,1754534444,2,0.3201215548621945,0,0,0,0,0,0,1,0,0,20512.0,2,0
19699.0,2023,17,4,57,61842.0,1,1,39.0,27.0,4.0,43.033054,-78.696376,1753324717,2,0.3185375634681931,0,0,0,0,0,1,0,0,0,20614.0,2,6
19699.0,2023,17,4,57,60085.0,1,1,39.0,27.0,4.0,26.670391,-80.112901,1754534486,2,0.3278522093700591,0,0,0,0,0,0,1,0,0,20028.33333333333,2,0
5291.0,2013,3,24,28,108066.0,0,1,42.0,30.0,4.0,33.414518,-111.849499,1753843780,12,0.0489608202394832,0,0,0,0,0,0,0,0,0,8312.76923076923,3,8
31788.0,2023,3,73,10,42763.0,0,2,24.0,20.0,4.0,26.598417,-81.838552,1752891836,2,0.7433528985337792,0,0,0,0,0,0,1,0,0,14254.333333333334,1,0
22040.0,2023,20,22,27,17889.0,1,1,41.0,32.0,4.0,30.276744,-97.742027,1746066910,2,1.2320420370059812,0,0,0,0,1,0,0,0,0,5963.0,0,4
19699.0,2024,17,4,58,62193.0,1,1,39.0,28.0,4.0,42.957852,-71.438378,1753411761,1,0.3167398260254369,0,0,0,0,0,1,0,0,0,31096.5,2,6
16643.0,2023,12,37,32,60843.0,0,1,40.0,30.0,4.0,27.849643,-82.689223,1754015134,2,0.2735400949986029,0,0,0,0,0,0,1,0,0,20281.0,2,0
22306.0,2019,6,31,72,109595.0,0,2,30.0,25.0,4.0,28.038632,-82.460093,1754447696,6,0.2035311829919248,0,0,0,0,0,0,1,0,0,15656.42857142857,3,0
17278.0,2019,8,2,31,93124.0,1,1,38.0,30.0,4.0,41.09706,-74.01012,1754620412,6,0.1855375628194665,0,0,0,0,0,1,0,0,0,13303.42857142857,2,6
19799.0,2024,17,46,58,33170.0,1,1,36.0,31.0,5.0,40.65282,-111.887866,1754016431,1,0.5968947844437745,0,0,0,0,0,0,0,0,0,16585.0,1,8
21990.0,2020,17,65,47,24585.0,1,0,35.0,28.0,5.0,40.042158,-74.930884,1754443009,5,0.8944478340451495,0,0,0,0,0,1,0,0,0,4097.5,1,6
17184.0,2017,8,2,65,88878.0,0,1,34.0,22.0,4.0,28.038632,-82.460093,1754620409,8,0.1933436846013636,0,0,0,0,0,0,1,0,0,9875.333333333334,2,0
22990.0,2021,17,65,54,72944.0,0,0,34.0,28.0,5.0,33.44014,-112.261967,1754532489,4,0.3151732836148278,0,0,0,0,0,0,0,0,0,14588.8,2,8
21990.0,2020,17,65,58,31573.0,1,0,35.0,28.0,5.0,41.415114,-82.162291,1754620408,5,0.6964811706204669,0,0,1,0,0,0,0,0,0,5262.166666666667,1,3
38990.0,2025,15,39,20,5793.0,0,1,35.0,26.0,5.0,42.268412,-71.406589,1754118319,0,6.730536854824789,0,0,0,0,0,1,0,0,0,5793.0,0,6
26990.0,2018,15,11,9,53063.0,0,0,32.0,23.0,2.0,29.304737,-98.39608,1754280720,7,0.5086406724082694,0,0,0,0,1,0,0,0,0,6632.875,1,4
16987.0,2017,8,2,12,80203.0,1,1,35.0,26.0,2.0,36.812703,-119.712634,1753497240,8,0.211800057354463,0,0,0,0,0,0,0,1,0,8911.444444444445,2,5
19590.0,2023,17,46,58,36037.0,1,1,36.0,31.0,5.0,40.533464,-112.345336,1753492622,2,0.5436079584871105,0,0,0,0,0,0,0,0,0,12012.333333333334,1,8
15995.0,2018,14,14,61,93465.0,0,1,33.0,26.0,5.0,43.620364,-116.298611,1754019838,7,0.1711335794147541,0,0,0,1,0,0,0,0,0,11683.125,2,1
54300.0,2023,3,78,75,74853.0,0,0,26.0,20.0,5.0,36.088631,-80.062772,1754445527,2,0.7254218267804897,0,0,0,0,0,0,0,0,1,24951.0,2,9
16990.0,2017,8,2,31,98908.0,1,1,38.0,30.0,4.0,44.054308,-121.269597,1753929416,8,0.1717757916447607,0,0,0,1,0,0,0,0,0,10989.777777777776,2,1
16690.0,2018,8,2,31,111804.0,1,1,38.0,30.0,4.0,36.817527,-119.79096,1754620403,7,0.1492790955600872,0,0,0,0,0,0,0,1,0,13975.5,3,5
16958.0,2024,12,37,32,28129.0,0,1,40.0,30.0,4.0,42.012594,-87.888266,1754620402,1,0.6028653702584521,0,0,1,0,0,0,0,0,0,14064.5,1,3
16957.0,2024,12,37,32,28345.0,0,1,40.0,30.0,4.0,38.797676,-90.320103,1754620402,1,0.5982360204621626,0,0,1,0,0,0,0,0,0,14172.5,1,7
16958.0,2024,12,37,32,28094.0,0,1,40.0,30.0,4.0,25.726574,-80.261121,1754620402,1,0.6036164305545668,0,0,0,0,0,0,1,0,0,14047.0,1,0
16957.0,2024,12,37,32,28406.0,0,1,40.0,30.0,4.0,38.776597,-77.184507,1754620402,1,0.5969513483066957,0,0,0,0,0,0,0,0,1,14203.0,1,6
16957.0,2024,12,37,32,28200.0,0,1,40.0,30.0,4.0,36.896295,-76.200375,1754620402,1,0.6013120567375887,0,0,0,0,0,0,0,0,1,14100.0,1,6
23997.0,2021,6,31,72,156286.0,0,0,28.0,24.0,4.0,44.961137,-92.729695,1753929171,4,0.1535454231345098,0,0,1,0,0,0,0,0,0,31257.2,3,7
16955.0,2024,12,37,32,28220.0,0,1,40.0,30.0,4.0,40.527114,-80.208687,1754620401,1,0.6008150248051027,0,0,0,0,0,0,0,0,1,14110.0,1,3
16955.0,2024,12,37,32,28487.0,0,1,40.0,30.0,4.0,42.012594,-87.888266,1754620401,1,0.5951837680345421,0,0,1,0,0,0,0,0,0,14243.5,1,3
16953.0,2024,12,37,32,28139.0,0,1,40.0,30.0,4.0,37.32366,-121.979436,1754620401,1,0.6024734354454672,0,0,0,0,0,0,0,1,0,14069.5,1,5
16955.0,2024,12,37,32,28447.0,0,1,40.0,30.0,4.0,35.795863,-78.640118,1754620401,1,0.596020670017928,0,0,0,0,0,0,0,0,1,14223.5,1,9
24975.0,2024,17,4,57,29940.0,1,0,36.0,26.0,4.0,38.780522,-90.357552,1754620400,1,0.8341683366733467,0,0,1,0,0,0,0,0,0,14970.0,1,7
16947.0,2024,12,37,32,28496.0,0,1,40.0,30.0,4.0,33.843386,-118.354162,1754620400,1,0.5947150477259966,0,0,0,0,0,0,0,1,0,14248.0,1,5
16951.0,2024,12,37,32,32840.0,0,1,40.0,30.0,4.0,42.453896,-70.960347,1754620400,1,0.516169305724726,0,0,0,0,0,1,0,0,0,16420.0,1,6
16951.0,2024,12,37,32,32290.0,0,1,40.0,30.0,4.0,42.453896,-70.960347,1754620400,1,0.5249612883245587,0,0,0,0,0,1,0,0,0,16145.0,1,6
20700.0,2024,12,37,31,3589.0,0,1,41.0,31.0,4.0,30.54067,-97.691187,1753842190,1,5.76762329339649,0,0,0,0,1,0,0,0,0,1794.5,0,4
19999.0,2024,17,46,58,21859.0,1,1,36.0,31.0,5.0,40.759983,-73.860675,1754620400,1,0.9149091907223568,0,0,0,0,0,1,0,0,0,10929.5,1,6
31500.0,2022,12,75,59,23083.0,0,0,29.0,22.0,5.0,38.764758,-77.456259,1754189333,3,1.3646406446302477,0,0,0,0,0,0,0,0,1,5770.75,1,6
14000.0,2015,0,59,44,107971.0,0,0,28.0,20.0,5.0,43.620364,-116.298611,1754019746,10,0.1296644469348251,0,0,0,1,0,0,0,0,0,9815.545454545454,3,1
21900.0,2020,6,31,72,159584.0,0,0,28.0,24.0,4.0,42.589846,-83.031858,1754620399,5,0.1372318026869861,0,0,1,0,0,0,0,0,0,26597.33333333333,3,3
21933.0,2020,6,31,71,65599.0,0,0,27.0,20.0,4.0,29.482056,-95.102235,1753670618,5,0.3343496089879419,0,0,0,0,1,0,0,0,0,10933.166666666666,2,4
16990.0,2016,8,2,31,91107.0,1,1,38.0,30.0,4.0,32.393637,-90.14416,1754533317,9,0.1864840242791443,1,0,0,0,0,0,0,0,0,9110.7,2,7
26975.0,2024,17,4,57,14668.0,1,0,36.0,26.0,4.0,38.780522,-90.357552,1754620399,1,1.839037360239978,0,0,1,0,0,0,0,0,0,7334.0,0,7
16947.0,2024,12,37,32,28459.0,0,1,40.0,30.0,4.0,41.768074,-72.669517,1754620399,1,0.5954882462489898,0,0,0,0,0,1,0,0,0,14229.5,1,6
16944.0,2024,12,37,32,28457.0,0,1,40.0,30.0,4.0,39.906198,-75.225025,1754620399,1,0.5954246758266859,0,0,0,0,0,1,0,0,0,14228.5,1,6
16946.0,2024,12,37,32,32723.0,0,1,40.0,30.0,4.0,42.453896,-70.960347,1754620399,1,0.5178620542126333,0,0,0,0,0,1,0,0,0,16361.5,1,6
16899.0,2018,8,2,31,91444.0,1,1,38.0,30.0,4.0,34.039429,-118.265616,1754620398,7,0.1848016272254057,0,0,0,0,0,0,0,1,0,11430.5,2,5
21975.0,2024,17,4,58,39530.0,1,1,39.0,28.0,4.0,38.780522,-90.357552,1754620398,1,0.5559069061472299,0,0,1,0,0,0,0,0,0,19765.0,1,7
20478.0,2024,12,37,32,5711.0,0,1,40.0,30.0,4.0,30.54067,-97.691187,1754360287,1,3.5857117842759587,0,0,0,0,1,0,0,0,0,2855.5,0,4
20465.0,2023,12,37,32,35369.0,0,1,40.0,30.0,4.0,34.035074,-118.272517,1749606648,2,0.5786140405439791,0,0,0,0,0,0,0,1,0,11789.666666666666,1,5
23995.0,2024,17,4,58,9485.0,1,1,39.0,28.0,4.0,38.780522,-90.357552,1754102245,1,2.529783869267264,0,0,1,0,0,0,0,0,0,4742.5,0,7
7488.0,2014,21,45,49,98650.0,0,1,31.0,24.0,5.0,32.247599,-80.835641,1754360498,11,0.0759047136340598,0,0,0,0,0,0,0,0,1,8220.833333333334,2,9
6999.0,2013,17,43,37,123880.0,2,1,34.0,28.0,5.0,32.247599,-80.835641,1754533995,12,0.0564982240878269,0,0,0,0,0,0,0,0,1,9529.23076923077,3,9
33888.0,2020,11,86,46,80902.0,0,0,29.0,30.0,5.0,30.43892,-97.775357,1753584439,5,0.4188771600207658,0,0,0,0,1,0,0,0,0,13483.666666666666,2,4
129995.0,2019,15,67,35,44380.0,0,0,27.0,18.0,4.0,40.684433,-74.330262,1752632210,6,2.9291347453808023,0,0,0,0,0,1,0,0,0,6340.0,1,6
19799.0,2023,17,4,58,55511.0,1,1,39.0,28.0,4.0,37.981298,-122.05276,1753324792,2,0.356668047774315,0,0,0,0,0,0,0,1,0,18503.666666666668,1,5
22590.0,2021,8,12,49,96175.0,1,0,32.0,27.0,5.0,39.466082,-84.465167,1754443216,4,0.2348843254484013,0,0,1,0,0,0,0,0,0,19235.0,2,3
19799.0,2023,17,4,58,55483.0,1,1,39.0,28.0,4.0,38.747437,-121.267018,1754620392,2,0.3568480435448696,0,0,0,0,0,0,0,1,0,18494.33333333333,1,5
21997.0,2023,17,65,47,28759.0,1,0,35.0,28.0,5.0,35.176705,-80.796985,1754016788,2,0.7648736047845892,0,0,0,0,0,0,0,0,1,9586.333333333334,1,9
20990.0,2021,8,12,14,102538.0,1,0,33.0,27.0,5.0,41.415114,-82.162291,1754620392,4,0.2047045973200179,0,0,1,0,0,0,0,0,0,20507.6,3,3
24670.0,2023,12,76,12,58194.0,0,0,30.0,24.0,5.0,41.089386,-81.5287,1747878866,2,0.4239268653125752,0,0,1,0,0,0,0,0,0,19398.0,1,3
21490.0,2021,17,65,54,18921.0,0,1,36.0,29.0,5.0,25.627827,-80.383537,1754620390,4,1.1357750647428784,0,0,0,0,0,0,1,0,0,3784.2,0,0
24977.0,2024,14,14,48,22079.0,0,0,31.0,26.0,5.0,35.176705,-80.796985,1754101940,1,1.1312559445627066,0,0,0,0,0,0,0,0,1,11039.5,1,9
41750.0,2025,15,39,20,1007.0,0,0,33.0,25.0,5.0,47.20911,-122.293881,1754102145,0,41.459781529294936,0,0,0,1,0,0,0,0,0,1007.0,0,1
64988.0,2020,6,32,33,45250.0,0,0,34.0,28.0,4.0,47.225872,-122.46493,1754447959,5,1.4361988950276243,0,0,0,1,0,0,0,0,0,7541.666666666667,1,1
19799.0,2024,17,46,57,43904.0,1,1,36.0,31.0,5.0,41.617294,-93.755055,1754360999,1,0.4509611880466472,0,0,1,0,0,0,0,0,0,21952.0,1,7
29999.0,2020,19,54,38,40820.0,1,0,30.0,23.0,5.0,47.227514,-122.464895,1754620387,5,0.7349093581577658,0,0,0,1,0,0,0,0,0,6803.333333333333,1,1
23950.0,2021,6,31,72,93152.0,0,0,28.0,24.0,4.0,40.575397,-74.289665,1738755464,4,0.2571066643765029,0,0,0,0,0,1,0,0,0,18630.4,2,6
8988.0,2012,21,45,64,127949.0,0,1,42.0,30.0,5.0,43.620364,-116.298611,1754274730,13,0.0702467389350444,0,0,0,1,0,0,0,0,0,9139.214285714286,3,1
15790.0,2017,17,50,54,72181.0,1,0,28.0,21.0,5.0,39.295732,-84.311551,1754620386,8,0.2187556282124104,0,0,1,0,0,0,0,0,0,8020.111111111111,2,3
32549.0,2020,11,86,46,45590.0,0,0,29.0,30.0,5.0,33.634386,-111.912314,1754620385,5,0.7139504277253784,0,0,0,0,0,0,0,0,0,7598.333333333333,1,8
41796.0,2021,11,86,46,7699.0,0,0,29.0,30.0,5.0,35.688606,-78.55963,1744766874,4,5.428756981426159,0,0,0,0,0,0,0,0,1,1539.8,0,9
25441.0,2022,8,2,61,8139.0,1,1,35.0,29.0,4.0,28.062316,-82.737927,1754189178,3,3.125813982061678,0,0,0,0,0,0,1,0,0,2034.75,0,0
28106.0,2020,6,31,72,92811.0,0,0,28.0,24.0,4.0,35.688606,-78.55963,1744508480,5,0.3028304834556248,0,0,0,0,0,0,0,0,1,15468.5,2,9
29999.0,2018,3,81,42,47219.0,0,0,25.0,17.0,5.0,47.227514,-122.464895,1754620382,7,0.6353162921705245,0,0,0,1,0,0,0,0,0,5902.375,1,1
24725.0,2020,19,54,34,55660.0,1,0,33.0,26.0,5.0,35.688606,-78.55963,1744166657,5,0.4442148760330578,0,0,0,0,0,0,0,0,1,9276.666666666666,1,9
24890.0,2022,22,87,36,48584.0,0,1,33.0,24.0,5.0,35.176705,-80.796985,1752115722,3,0.5123085789560349,0,0,0,0,0,0,0,0,1,12146.0,1,9
30431.0,2018,11,3,46,77963.0,0,0,29.0,30.0,5.0,47.227514,-122.464895,1754017999,7,0.3903261803676103,0,0,0,1,0,0,0,0,0,9745.375,2,1
31828.0,2020,3,78,29,93492.0,0,0,26.0,20.0,5.0,35.688606,-78.55963,1744508482,5,0.3404355452872973,0,0,0,0,0,0,0,0,1,15582.0,2,9
13590.0,2015,9,74,49,72395.0,0,1,38.0,28.0,4.0,33.44014,-112.261967,1754528857,10,0.1877201464189515,0,0,0,0,0,0,0,0,0,6581.363636363636,2,8
19590.0,2017,9,68,49,44121.0,0,1,25.0,18.0,5.0,38.825125,-121.312132,1754534130,8,0.4440062555245801,0,0,0,0,0,0,0,1,0,4902.333333333333,1,5
23485.0,2021,12,75,59,86277.0,0,0,29.0,22.0,5.0,26.232553,-98.225702,1754620378,4,0.2722046431841626,0,0,0,0,1,0,0,0,0,17255.4,2,4
17900.0,2021,21,44,47,46765.0,0,1,41.0,31.0,4.0,36.053762,-115.027786,1754193404,4,0.3827648882711429,0,0,0,0,0,0,0,1,0,9353.0,1,5
31458.0,2019,11,86,46,57727.0,0,0,29.0,30.0,5.0,33.634386,-111.912314,1754620376,6,0.5449443068234968,0,0,0,0,0,0,0,0,0,8246.714285714286,1,8
15989.0,2017,8,2,31,98060.0,0,1,38.0,30.0,4.0,34.076282,-83.983106,1754199621,8,0.1630532327146645,1,0,0,0,0,0,0,0,0,10895.555555555557,2,9
12898.0,2018,21,79,47,98724.0,0,0,30.0,22.0,5.0,42.770747,-78.808177,1753411543,7,0.1306470564401766,0,0,0,0,0,1,0,0,0,12340.5,2,6
19799.0,2023,17,4,57,57642.0,1,1,39.0,27.0,4.0,39.791058,-86.046551,1754534491,2,0.3434821831303563,0,0,1,0,0,0,0,0,0,19214.0,1,3
26995.0,2023,17,5,19,8476.0,0,0,86.0,97.0,5.0,38.780522,-90.357552,1754361822,2,3.18487494100991,0,0,1,0,0,0,0,0,0,2825.333333333333,0,7
25900.0,2025,20,22,27,4387.0,1,1,43.0,50.0,4.0,30.391721,-97.739973,1754620372,0,5.903806701618418,0,0,0,0,1,0,0,0,0,4387.0,0,4
26995.0,2024,17,4,58,7336.0,1,1,39.0,28.0,4.0,38.780522,-90.357552,1754534618,1,3.6797982551799344,0,0,1,0,0,0,0,0,0,3668.0,0,7
33996.0,2021,6,31,72,41516.0,0,0,28.0,24.0,4.0,29.581654,-98.595208,1754535165,4,0.8188650158974853,0,0,0,0,1,0,0,0,0,8303.2,1,4
17978.0,2017,8,2,15,86425.0,0,1,34.0,23.0,4.0,40.189712,-74.646997,1754620370,8,0.2080185131617009,0,0,0,0,0,1,0,0,0,9602.777777777776,2,6
21967.0,2022,11,21,34,31954.0,0,0,32.0,24.0,5.0,39.700275,-75.00474,1754443817,3,0.6874569693935032,0,0,0,0,0,1,0,0,0,7988.5,1,6
20195.0,2023,11,21,34,56951.0,0,0,32.0,24.0,5.0,35.645303,-80.49007,1752977617,2,0.3546030798405647,0,0,0,0,0,0,0,0,1,18983.666666666668,1,9
10500.0,2012,19,36,70,70410.0,0,0,33.0,26.0,5.0,37.505965,-77.592883,1754360389,13,0.1491265445249254,0,0,0,0,0,0,0,0,1,5029.285714285715,2,9
46750.0,2022,6,31,72,22214.0,0,0,28.0,24.0,4.0,37.505965,-77.592883,1754446478,3,2.104528675609976,0,0,0,0,0,0,0,0,1,5553.5,1,9
7950.0,2015,4,80,65,136460.0,0,1,28.0,19.0,5.0,37.505965,-77.592883,1754446478,10,0.0582588304264986,0,0,0,0,0,0,0,0,1,12405.454545454546,3,9
40931.0,2025,20,17,73,41516.0,1,1,47.0,48.0,4.0,35.750612,-78.83656,1754542658,0,0.9859090471143656,0,0,0,0,0,0,0,0,1,41516.0,1,9
18795.0,2023,17,65,47,53469.0,1,0,35.0,28.0,5.0,35.645303,-80.49007,1753583305,2,0.351512091118218,0,0,0,0,0,0,0,0,1,17823.0,1,9
38950.0,2022,6,31,72,46517.0,0,0,28.0,24.0,4.0,37.505965,-77.592883,1754533904,3,0.8373282885826687,0,0,0,0,0,0,0,0,1,11629.25,1,9
34950.0,2025,6,63,71,2075.0,0,0,26.0,20.0,4.0,37.505965,-77.592883,1754446476,0,16.843373493975903,0,0,0,0,0,0,0,0,1,2075.0,0,9
31500.0,2020,6,31,72,49603.0,0,2,30.0,22.0,4.0,37.505965,-77.592883,1754446475,5,0.6350422353486684,0,0,0,0,0,0,0,0,1,8267.166666666666,1,9
21958.0,2022,11,21,34,36669.0,0,0,32.0,24.0,5.0,39.700275,-75.00474,1754443820,3,0.5988164389538847,0,0,0,0,0,1,0,0,0,9167.25,1,6
30750.0,2025,6,51,16,1433.0,0,2,33.0,22.0,2.0,37.505965,-77.592883,1754017694,0,21.458478715980466,0,0,0,0,0,0,0,0,1,1433.0,0,9
6000.0,2011,7,1,56,124315.0,0,0,27.0,22.0,5.0,36.15231,-95.904878,1744001477,14,0.0482644894019225,0,0,0,0,1,0,0,0,0,8287.666666666666,3,7
2500.0,2007,4,0,8,146759.0,0,2,28.0,21.0,4.0,36.15231,-95.904878,1748664739,18,0.0170347304083565,0,0,0,0,1,0,0,0,0,7724.157894736842,3,7
3000.0,2008,3,19,29,195318.0,0,1,37.0,26.0,4.0,36.15231,-95.904878,1744090407,17,0.0153595674745799,0,0,0,0,1,0,0,0,0,10851.0,3,7
17991.0,2016,8,2,12,50375.0,1,1,37.0,27.0,4.0,47.581991,-122.140518,1754620362,9,0.3571414392059553,0,0,0,1,0,0,0,0,0,5037.5,1,1
24440.0,2025,17,69,57,10.0,1,1,39.0,30.0,4.0,25.609511,-80.34842,1754531679,0,2444.0,0,0,0,0,0,0,1,0,0,10.0,0,0
15590.0,2021,12,64,47,95777.0,1,1,41.0,33.0,4.0,45.543842,-122.41855,1754620359,4,0.1627739436399135,0,0,0,1,0,0,0,0,0,19155.4,2,1
28990.0,2023,12,76,13,26929.0,0,0,38.0,38.0,5.0,35.373771,-80.633215,1754620359,2,1.076534590961417,0,0,0,0,0,0,0,0,1,8976.333333333334,1,9
6000.0,2012,7,1,56,175514.0,0,1,29.0,22.0,5.0,36.15231,-95.904878,1734932312,13,0.0341853071549847,0,0,0,0,1,0,0,0,0,12536.714285714286,3,7
15990.0,2017,12,38,59,64769.0,0,1,32.0,25.0,5.0,33.366134,-86.937397,1754361103,8,0.2468773641711312,1,0,0,0,0,0,0,0,0,7196.555555555556,2,9
26300.0,2024,14,14,48,20296.0,0,0,31.0,26.0,5.0,21.32774,-157.902132,1754620358,1,1.295821836815136,0,1,0,0,0,0,0,0,0,10148.0,1,2
14990.0,2017,12,37,47,75246.0,0,1,40.0,30.0,4.0,35.373771,-80.633215,1754278475,8,0.1992132472157988,0,0,0,0,0,0,0,0,1,8360.666666666666,2,9
32990.0,2023,19,54,34,8750.0,1,0,32.0,26.0,5.0,38.840234,-94.538738,1754620357,2,3.7702857142857145,0,0,0,0,1,0,0,0,0,2916.6666666666665,0,7
3500.0,1998,6,31,68,271482.0,3,3,34.0,28.0,5.0,36.15231,-95.904878,1743657803,27,0.01289219911449,0,0,0,0,1,0,0,0,0,9695.785714285714,3,7
11995.0,2015,14,48,76,81900.0,0,1,40.0,28.0,4.0,41.207903,-96.023028,1751595883,10,0.1464590964590964,0,0,0,0,1,0,0,0,0,7445.454545454545,2,7
21621.0,2024,6,29,5,36469.0,0,1,34.0,28.0,5.0,37.929899,-84.550185,1752115043,1,0.5928596890509747,0,0,1,0,0,0,0,0,0,18234.5,1,3
21995.0,2023,20,22,27,16065.0,1,1,52.0,53.0,4.0,28.05542,-82.740024,1752633264,2,1.3691254279489573,0,0,0,0,0,0,1,0,0,5355.0,0,0
27340.0,2019,6,31,71,58654.0,0,2,30.0,25.0,4.0,33.91096,-117.559891,1754620353,6,0.4661233675452654,0,0,0,0,0,0,0,1,0,8379.142857142857,1,5
21998.0,2020,17,50,39,75223.0,1,1,28.0,21.0,5.0,34.12649,-80.960943,1753322294,5,0.2924371535301703,0,0,0,0,0,0,0,0,1,12537.166666666666,2,9
21995.0,2023,12,37,22,19059.0,0,1,40.0,29.0,4.0,40.261315,-74.722139,1752720200,2,1.1540479563460833,0,0,0,0,0,1,0,0,0,6353.0,0,6
58995.0,2024,11,41,63,6018.0,0,0,25.0,18.0,5.0,35.645303,-80.49007,1752978310,1,9.803090727816553,0,0,0,0,0,0,0,0,1,3009.0,0,9
15379.0,2021,21,44,47,64683.0,2,1,43.0,30.0,4.0,40.189712,-74.646997,1754360651,4,0.2377595349628186,0,0,0,0,0,1,0,0,0,12936.6,2,6
17032.0,2024,17,69,47,30359.0,1,1,40.0,30.0,4.0,33.825375,-84.103812,1754620349,1,0.5610197964359828,1,0,0,0,0,0,0,0,0,15179.5,1,9
17028.0,2024,17,69,58,37649.0,1,1,40.0,30.0,4.0,45.496351,-122.412249,1754620349,1,0.4522829291614651,0,0,0,1,0,0,0,0,0,18824.5,1,1
14489.0,2016,8,53,14,97831.0,0,1,28.0,20.0,5.0,41.207903,-96.023028,1749605143,9,0.1481023397491592,0,0,0,0,1,0,0,0,0,9783.1,2,7
17028.0,2024,17,69,58,37960.0,1,1,40.0,30.0,4.0,30.330842,-97.71443,1754620348,1,0.4485774499473129,0,0,0,0,1,0,0,0,0,18980.0,1,4
19973.0,2018,4,56,66,73313.0,0,1,28.0,19.0,5.0,43.216421,-77.750662,1752029489,7,0.2724346296018441,0,0,0,0,0,1,0,0,0,9164.125,2,6
17020.0,2024,17,69,58,37637.0,1,1,40.0,30.0,4.0,33.931955,-117.409245,1754620347,1,0.4522145760820469,0,0,0,0,0,0,0,1,0,18818.5,1,5
17026.0,2024,17,69,58,36283.0,1,1,40.0,30.0,4.0,36.143864,-115.127092,1754620347,1,0.469255574235868,0,0,0,0,0,0,0,1,0,18141.5,1,5
20490.0,2020,3,78,29,116396.0,0,2,28.0,21.0,5.0,25.45967,-80.468198,1754016124,5,0.1760369772157118,0,0,0,0,0,0,1,0,0,19399.33333333333,3,0
22817.0,2018,5,18,21,41744.0,0,0,27.0,18.0,2.0,42.744512,-83.460604,1754620346,7,0.546593522422384,0,0,1,0,0,0,0,0,0,5218.0,1,3
17020.0,2024,17,69,58,35227.0,1,1,40.0,30.0,4.0,36.123989,-86.697003,1754445497,1,0.4831521276293752,1,0,0,0,0,0,0,0,0,17613.5,1,3
25590.0,2022,20,17,27,49923.0,1,1,53.0,53.0,4.0,33.44014,-112.261967,1754450258,3,0.5125893876569918,0,0,0,0,0,0,0,0,0,12480.75,1,8
10000.0,2013,7,1,56,169332.0,0,0,27.0,22.0,5.0,36.15231,-95.904878,1754534262,12,0.0590555831148276,0,0,0,0,1,0,0,0,0,13025.53846153846,3,7
17019.0,2024,17,69,58,37643.0,1,1,40.0,30.0,4.0,33.931955,-117.409245,1754620345,1,0.4521159312488377,0,0,0,0,0,0,0,1,0,18821.5,1,5
17011.0,2024,17,46,47,21015.0,1,1,36.0,31.0,5.0,43.034317,-87.917411,1754534660,1,0.8094694266000476,0,0,1,0,0,0,0,0,0,10507.5,1,3
30590.0,2025,20,17,27,6997.0,1,1,53.0,53.0,4.0,33.366134,-86.937397,1754271461,0,4.37187366014006,1,0,0,0,0,0,0,0,0,6997.0,0,9
17011.0,2024,17,69,47,24715.0,1,1,40.0,30.0,4.0,40.856025,-73.168016,1754620344,1,0.6882864657090836,0,0,0,0,0,1,0,0,0,12357.5,1,6
17008.0,2024,17,69,58,38564.0,1,1,40.0,30.0,4.0,40.856025,-73.168016,1754620344,1,0.441033087853957,0,0,0,0,0,1,0,0,0,19282.0,1,6
15777.0,2017,21,40,6,78718.0,0,0,30.0,22.0,5.0,36.812703,-119.712634,1754533033,8,0.2004242993978505,0,0,0,0,0,0,0,1,0,8746.444444444445,2,5
26905.0,2022,8,12,14,66336.0,1,0,33.0,27.0,5.0,39.234103,-84.590582,1754620344,3,0.4055867100820067,0,0,1,0,0,0,0,0,0,16584.0,2,3
16990.0,2017,20,57,67,101485.0,1,1,53.0,58.0,5.0,41.415114,-82.162291,1753236240,8,0.1674139035325417,0,0,1,0,0,0,0,0,0,11276.111111111111,3,3
13799.0,2015,3,78,29,178987.0,0,0,26.0,20.0,5.0,41.207903,-96.023028,1754534557,10,0.0770949845519507,0,0,0,0,1,0,0,0,0,16271.545454545454,3,7
17007.0,2024,17,69,58,22382.0,1,1,40.0,30.0,4.0,40.200925,-75.090452,1754016356,1,0.7598516665177375,0,0,0,0,0,1,0,0,0,11191.0,1,6
3995.0,1995,14,8,68,140994.0,3,3,34.0,28.0,5.0,36.15231,-95.904878,1749955222,30,0.0283345390583996,0,0,0,0,1,0,0,0,0,4548.193548387097,3,7
20490.0,2021,8,12,49,41038.0,1,1,34.0,28.0,5.0,25.45967,-80.468198,1754016125,4,0.499293337881963,0,0,0,0,0,0,1,0,0,8207.6,1,0
16495.0,2019,14,13,61,38016.0,0,0,32.0,27.0,5.0,41.207903,-96.023028,1750297782,6,0.4338962542087542,0,0,0,0,1,0,0,0,0,5430.857142857143,1,7
4500.0,2012,3,81,2,224759.0,0,1,27.0,18.0,5.0,36.15231,-95.904878,1751769389,13,0.020021445192406,0,0,0,0,1,0,0,0,0,16054.214285714286,3,7
7500.0,2010,3,81,2,161232.0,0,0,25.0,17.0,5.0,36.15231,-95.904878,1734932253,15,0.0465168204822863,0,0,0,0,1,0,0,0,0,10077.0,3,7
15987.0,2021,12,37,32,28988.0,1,1,40.0,30.0,4.0,38.197824,-84.273761,1753849766,4,0.5515040706499241,0,0,1,0,0,0,0,0,0,5797.6,1,3
15908.0,2018,21,79,49,83447.0,0,0,30.0,22.0,5.0,41.616182,-93.754539,1754101159,7,0.1906359725334643,0,0,1,0,0,0,0,0,0,10430.875,2,7
21787.0,2021,12,75,59,87057.0,0,1,29.0,22.0,5.0,38.197824,-84.273761,1754448047,4,0.2502613230412258,0,0,1,0,0,0,0,0,0,17411.4,2,3
16990.0,2016,14,13,23,86249.0,0,3,35.0,29.0,5.0,38.825125,-121.312132,1754185825,9,0.196987791162796,0,0,0,0,0,0,0,1,0,8624.9,2,5
19387.0,2021,14,14,61,42482.0,0,1,33.0,26.0,5.0,38.197824,-84.273761,1754447681,4,0.4563579869121039,0,0,1,0,0,0,0,0,0,8496.4,1,3
27361.0,2021,6,31,71,81496.0,0,0,30.0,25.0,4.0,33.91096,-117.559891,1754620341,4,0.3357342691665849,0,0,0,0,0,0,0,1,0,16299.2,2,5
18990.0,2020,14,49,41,74255.0,0,1,41.0,30.0,4.0,35.18082,-90.205482,1754445324,5,0.2557403541849034,1,0,0,0,0,0,0,0,0,12375.833333333334,2,7
17001.0,2024,17,69,58,37223.0,1,1,40.0,30.0,4.0,38.776597,-77.184507,1754620341,1,0.4567337398920023,0,0,0,0,0,0,0,0,1,18611.5,1,6
18990.0,2016,14,13,23,51428.0,0,0,32.0,27.0,5.0,41.415114,-82.162291,1753933034,9,0.3692541028233647,0,0,1,0,0,0,0,0,0,5142.8,1,3
20990.0,2020,14,14,65,63752.0,0,1,33.0,26.0,5.0,38.825125,-121.312132,1753584587,5,0.3292445727192872,0,0,0,0,0,0,0,1,0,10625.333333333334,2,5
20990.0,2021,14,14,65,72119.0,0,1,33.0,26.0,5.0,34.00343,-83.784309,1754620341,4,0.2910467421899915,1,0,0,0,0,0,0,0,0,14423.8,2,9
31590.0,2022,21,7,52,36332.0,0,0,24.0,18.0,5.0,38.825125,-121.312132,1754534514,3,0.8694814488605086,0,0,0,0,0,0,0,1,0,9083.0,1,5
24987.0,2022,11,21,24,29126.0,0,0,32.0,24.0,5.0,38.197824,-84.273761,1754536188,3,0.8578932912174689,0,0,1,0,0,0,0,0,0,7281.5,1,3
14990.0,2018,14,49,61,90330.0,0,1,41.0,30.0,4.0,33.44014,-112.261967,1754186458,7,0.1659470829181888,0,0,0,0,0,0,0,0,0,11291.25,2,8
17000.0,2024,17,69,58,37990.0,1,1,40.0,30.0,4.0,35.201112,-80.783712,1754620340,1,0.4474861805738352,0,0,0,0,0,0,0,0,1,18995.0,1,9
16990.0,2016,14,13,23,76082.0,0,0,32.0,27.0,5.0,39.824942,-85.923198,1754186940,9,0.223311690018664,0,0,1,0,0,0,0,0,0,7608.2,2,3
20590.0,2019,14,13,65,61029.0,0,0,32.0,27.0,5.0,35.373771,-80.633215,1753322560,6,0.337380589555785,0,0,0,0,0,0,0,0,1,8718.42857142857,2,9
24995.0,2022,20,58,27,15100.0,1,1,121.0,145.0,5.0,41.207903,-96.023028,1750211217,3,1.655298013245033,0,0,0,0,1,0,0,0,0,3775.0,0,7
19590.0,2019,14,49,43,92317.0,0,1,40.0,29.0,4.0,32.848631,-97.33693,1754361018,6,0.212203602803384,0,0,0,0,1,0,0,0,0,13188.142857142857,2,4
21972.0,2022,21,44,49,15321.0,0,1,40.0,30.0,4.0,40.026471,-75.639433,1754102975,3,1.4341100450362247,0,0,0,0,0,1,0,0,0,3830.25,0,6
25189.0,2021,17,50,54,39576.0,1,0,28.0,21.0,5.0,42.980477,-88.046471,1754275133,4,0.6364715989488579,0,0,1,0,0,0,0,0,0,7915.2,1,3
4500.0,2012,14,15,77,189631.0,0,1,28.0,20.0,5.0,36.15231,-95.904878,1754101231,13,0.0237302972615236,0,0,0,0,1,0,0,0,0,13545.07142857143,3,7
15595.0,2021,17,46,57,60771.0,1,1,36.0,31.0,5.0,38.312728,-85.760232,1754620338,4,0.2566191110891708,0,0,1,0,0,0,0,0,0,12154.2,2,3
15629.0,2018,9,27,51,15866.0,0,1,41.0,31.0,4.0,38.312728,-85.760232,1754620338,7,0.9850623975797302,0,0,1,0,0,0,0,0,0,1983.25,0,3
14998.0,2018,17,65,54,77932.0,1,0,34.0,28.0,5.0,34.00514,-84.093472,1754095999,7,0.1924498280552276,1,0,0,0,0,0,0,0,0,9741.5,2,9
30995.0,2019,0,61,44,76412.0,0,0,23.0,18.0,5.0,40.430449,-74.517995,1742877646,6,0.4056300057582578,0,0,0,0,0,1,0,0,0,10916.0,2,6
6000.0,2009,9,68,34,207552.0,0,1,26.0,20.0,5.0,36.15231,-95.904878,1741770559,16,0.0289084181313598,0,0,0,0,1,0,0,0,0,12208.941176470587,3,7
2995.0,2011,3,24,28,173414.0,0,1,41.0,29.0,4.0,32.739544,-97.108813,1754534801,14,0.0172708085852353,0,0,0,0,1,0,0,0,0,11560.933333333332,3,4
15998.0,2025,17,84,47,1946.0,1,1,40.0,32.0,4.0,25.609511,-80.34842,1753503476,0,8.220966084275437,0,0,0,0,0,0,1,0,0,1946.0,0,0
15995.0,2021,21,79,47,69769.0,0,1,34.0,26.0,5.0,42.772464,-83.01009,1754101171,4,0.2292565466037925,0,0,1,0,0,0,0,0,0,13953.8,2,3
3500.0,2004,17,69,1,157927.0,0,1,28.0,23.0,4.0,36.15231,-95.904878,1748578314,21,0.0221621382030938,0,0,0,0,1,0,0,0,0,7178.5,3,7
16000.0,2015,3,77,30,235743.0,0,2,27.0,21.0,5.0,36.15231,-95.904878,1748837917,10,0.0678705200154405,0,0,0,0,1,0,0,0,0,21431.18181818182,3,7
28499.0,2015,7,72,55,113401.0,0,0,34.0,28.0,4.0,40.763148,-111.887595,1754620334,10,0.2513117168278939,0,0,0,0,0,0,0,0,0,10309.181818181818,3,8
34499.0,2023,20,70,27,66492.0,1,1,36.0,36.0,5.0,39.565016,-104.911601,1754620334,2,0.5188443722553089,0,0,0,0,0,0,0,0,0,22164.0,2,8
44675.0,2025,21,6,7,41516.0,0,0,26.0,19.0,5.0,38.94042,-94.602997,1754189837,0,1.076091145582426,0,0,0,0,1,0,0,0,0,41516.0,1,7
3500.0,2008,9,68,49,204638.0,0,1,26.0,20.0,5.0,36.15231,-95.904878,1751337125,17,0.0171033727851132,0,0,0,0,1,0,0,0,0,11368.777777777776,3,7
31065.0,2026,12,76,31,11.0,0,1,33.0,25.0,5.0,40.081755,-74.164627,1747652473,0,2824.090909090909,0,0,0,0,0,1,0,0,0,11.0,0,6
30265.0,2026,12,76,31,11.0,0,1,33.0,25.0,5.0,40.081755,-74.164627,1748253437,0,2751.3636363636365,0,0,0,0,0,1,0,0,0,11.0,0,6
15512.0,2019,17,66,47,61945.0,1,0,30.0,24.0,5.0,38.312728,-85.760232,1754620332,6,0.2504156913390911,0,0,1,0,0,0,0,0,0,8849.285714285714,2,3
27798.0,2023,12,76,13,17237.0,0,0,38.0,38.0,5.0,42.281973,-71.652039,1754620332,2,1.612693624180542,0,0,0,0,0,1,0,0,0,5745.666666666667,0,6
23499.0,2021,3,81,0,84904.0,0,0,27.0,20.0,5.0,39.030205,-84.616303,1754534444,4,0.2767714124187317,0,0,1,0,0,0,0,0,0,16980.8,2,3
38525.0,2025,12,75,47,11.0,0,0,28.0,23.0,5.0,40.081755,-74.164627,1754534234,0,3502.2727272727275,0,0,0,0,0,1,0,0,0,11.0,0,6
38525.0,2025,12,75,47,11.0,0,0,28.0,23.0,5.0,40.081755,-74.164627,1754534234,0,3502.2727272727275,0,0,0,0,0,1,0,0,0,11.0,0,6
47990.0,2023,3,16,3,19978.0,0,2,25.0,16.0,2.0,28.988836,-81.30184,1754361024,2,2.402142356592252,0,0,0,0,0,0,1,0,0,6659.333333333333,0,0
6000.0,2014,3,24,28,162972.0,0,1,42.0,30.0,4.0,36.15231,-95.904878,1744607107,11,0.0368161401958618,0,0,0,0,1,0,0,0,0,13581.0,3,7
35937.0,2025,20,17,49,41516.0,1,1,47.0,48.0,4.0,35.750612,-78.83656,1754540079,0,0.865618074959052,0,0,0,0,0,0,0,0,1,41516.0,1,9
56890.0,2023,15,26,8,10.0,0,1,100.0,114.0,5.0,29.777745,-95.543887,1741930856,2,5689.0,0,0,0,0,1,0,0,0,0,3.333333333333333,0,4
13998.0,2022,17,69,58,65347.0,1,1,40.0,30.0,4.0,27.936527,-82.264684,1754442926,3,0.214210292744885,0,0,0,0,0,0,1,0,0,16336.75,2,0
20900.0,2024,17,4,47,12727.0,1,1,39.0,28.0,4.0,29.556958,-98.344524,1754102203,1,1.6421780466724287,0,0,0,0,1,0,0,0,0,6363.5,0,4
30061.0,2025,17,4,57,10.0,1,1,39.0,27.0,4.0,25.609511,-80.34842,1754531678,0,3006.1,0,0,0,0,0,0,1,0,0,10.0,0,0
20900.0,2025,17,69,47,18029.0,1,1,40.0,30.0,4.0,29.556958,-98.344524,1751337843,0,1.1592434411226358,0,0,0,0,1,0,0,0,0,18029.0,0,4
20900.0,2025,17,69,58,9151.0,1,1,40.0,30.0,4.0,29.556958,-98.344524,1754446489,0,2.283903398535679,0,0,0,0,1,0,0,0,0,9151.0,0,4
27972.0,2025,17,65,47,10.0,1,1,37.0,30.0,5.0,25.609511,-80.34842,1754531672,0,2797.2,0,0,0,0,0,0,1,0,0,10.0,0,0
25990.0,2021,11,86,62,57628.0,0,0,29.0,30.0,5.0,42.387038,-87.999534,1744162645,4,0.4509960435899215,0,0,1,0,0,0,0,0,0,11525.6,1,3
43500.0,2023,3,77,29,75125.0,0,0,26.0,20.0,5.0,40.430449,-74.517995,1742877646,2,0.5790349417637272,0,0,0,0,0,1,0,0,0,25041.666666666668,2,6
25500.0,2025,9,47,51,11742.0,1,0,33.0,28.0,5.0,40.430449,-74.517995,1743051228,0,2.171691364333163,0,0,0,0,0,1,0,0,0,11742.0,0,6
16017.0,2019,21,44,51,56233.0,0,1,41.0,30.0,4.0,44.973187,-123.018138,1754620325,6,0.284832749453168,0,0,0,1,0,0,0,0,0,8033.285714285715,1,1
22225.0,2025,21,44,49,16174.0,0,1,40.0,30.0,4.0,29.783838,-95.67468,1754444950,0,1.374118956349697,0,0,0,0,1,0,0,0,0,16174.0,0,4
20300.0,2023,19,23,43,25275.0,1,0,34.0,28.0,5.0,32.841425,-97.307318,1754017693,2,0.8031651829871415,0,0,0,0,1,0,0,0,0,8425.0,1,4
20300.0,2021,19,23,61,21796.0,1,0,34.0,27.0,5.0,36.143636,-115.12227,1753584384,4,0.9313635529454946,0,0,0,0,0,0,0,1,0,4359.2,1,5
20300.0,2021,19,23,61,12125.0,1,0,34.0,27.0,5.0,35.629266,-106.019109,1753498213,4,1.6742268041237114,0,0,0,0,0,0,0,0,0,2425.0,0,8
27579.0,2023,11,85,61,22235.0,0,0,29.0,30.0,5.0,21.32774,-157.902132,1754620324,2,1.2403418034630087,0,1,0,0,0,0,0,0,0,7411.666666666667,1,2
27593.0,2023,11,85,61,21821.0,0,0,29.0,30.0,5.0,21.32774,-157.902132,1754620324,2,1.2645158333715227,0,1,0,0,0,0,0,0,0,7273.666666666667,1,2
27585.0,2023,11,85,61,22333.0,0,0,29.0,30.0,5.0,21.32774,-157.902132,1754620324,2,1.235167689069986,0,1,0,0,0,0,0,0,0,7444.333333333333,1,2
27589.0,2023,11,85,61,22222.0,0,0,29.0,30.0,5.0,21.32774,-157.902132,1754620324,2,1.2415174151741517,0,1,0,0,0,0,0,0,0,7407.333333333333,1,2
27580.0,2023,11,85,61,22417.0,0,0,29.0,30.0,5.0,21.32774,-157.902132,1754620324,2,1.230316277824865,0,1,0,0,0,0,0,0,0,7472.333333333333,1,2
14999.0,2014,2,88,40,99716.0,0,0,24.0,16.0,4.0,35.176705,-80.796985,1754363076,11,0.1504171848048457,0,0,0,0,0,0,0,0,1,8309.666666666666,2,9
22225.0,2025,21,44,49,16772.0,0,1,40.0,30.0,4.0,29.783838,-95.67468,1754361095,0,1.3251252086811351,0,0,0,0,1,0,0,0,0,16772.0,0,4
22225.0,2025,21,44,49,17035.0,0,1,40.0,30.0,4.0,29.783838,-95.67468,1754620324,0,1.3046668623422366,0,0,0,0,1,0,0,0,0,17035.0,0,4
22225.0,2025,21,44,49,17998.0,0,1,40.0,30.0,4.0,32.839461,-96.99136,1754102772,0,1.234859428825425,0,0,0,0,1,0,0,0,0,17998.0,0,4
22225.0,2025,21,44,49,17927.0,0,1,40.0,30.0,4.0,32.839461,-96.99136,1754361094,0,1.239750097618118,0,0,0,0,1,0,0,0,0,17927.0,0,4
22225.0,2025,21,44,49,15953.0,0,1,40.0,30.0,4.0,32.839461,-96.99136,1754361094,0,1.393154892496709,0,0,0,0,1,0,0,0,0,15953.0,0,4
22225.0,2025,21,44,49,16802.0,0,1,40.0,30.0,4.0,29.537537,-98.484654,1754361452,0,1.3227591953338889,0,0,0,0,1,0,0,0,0,16802.0,0,4
22225.0,2025,21,44,49,17800.0,0,1,40.0,30.0,4.0,32.839461,-96.99136,1754361384,0,1.2485955056179776,0,0,0,0,1,0,0,0,0,17800.0,0,4
28997.0,2025,20,17,49,11880.0,1,1,47.0,48.0,4.0,35.176705,-80.796985,1754102540,0,2.440824915824916,0,0,0,0,0,0,0,0,1,11880.0,0,9
27561.0,2023,11,85,61,22757.0,0,0,29.0,30.0,5.0,21.32774,-157.902132,1754620323,2,1.2110998813551874,0,1,0,0,0,0,0,0,0,7585.666666666667,1,2
27570.0,2023,11,85,61,22569.0,0,0,29.0,30.0,5.0,21.32774,-157.902132,1754620323,2,1.2215871327927688,0,1,0,0,0,0,0,0,0,7523.0,1,2
27561.0,2023,11,85,61,22545.0,0,0,29.0,30.0,5.0,21.32774,-157.902132,1754620323,2,1.2224883566200933,0,1,0,0,0,0,0,0,0,7515.0,1,2
27577.0,2023,11,85,61,22506.0,0,0,29.0,30.0,5.0,21.32774,-157.902132,1754620323,2,1.2253176930596286,0,1,0,0,0,0,0,0,0,7502.0,1,2
27576.0,2023,11,85,61,22549.0,0,0,29.0,30.0,5.0,21.32774,-157.902132,1754620323,2,1.222936715597144,0,1,0,0,0,0,0,0,0,7516.333333333333,1,2
18999.0,2020,3,20,29,65954.0,0,2,30.0,20.0,4.0,34.047369,-117.947949,1750215347,5,0.2880644085271553,0,0,0,0,0,0,0,1,0,10992.333333333334,2,5
22225.0,2025,21,44,49,15746.0,0,1,40.0,30.0,4.0,29.537537,-98.484654,1754361462,0,1.4114695795757652,0,0,0,0,1,0,0,0,0,15746.0,0,4
22225.0,2025,21,44,49,17076.0,0,1,40.0,30.0,4.0,29.537537,-98.484654,1754533934,0,1.3015343171702975,0,0,0,0,1,0,0,0,0,17076.0,0,4
22225.0,2025,21,44,49,17406.0,0,1,40.0,30.0,4.0,30.330842,-97.71443,1754102771,0,1.2768585545214295,0,0,0,0,1,0,0,0,0,17406.0,0,4
11498.0,2018,9,68,49,85587.0,0,1,25.0,18.0,5.0,29.714476,-95.500478,1754620323,7,0.134342832439506,0,0,0,0,1,0,0,0,0,10698.375,2,4
27552.0,2023,11,85,61,22952.0,0,0,29.0,30.0,5.0,21.32774,-157.902132,1754620322,2,1.2004182642035552,0,1,0,0,0,0,0,0,0,7650.666666666667,1,2
27555.0,2023,11,85,61,22996.0,0,0,29.0,30.0,5.0,21.32774,-157.902132,1754620322,2,1.1982518698904157,0,1,0,0,0,0,0,0,0,7665.333333333333,1,2
27556.0,2023,11,85,61,22640.0,0,0,29.0,30.0,5.0,21.32774,-157.902132,1754620322,2,1.217137809187279,0,1,0,0,0,0,0,0,0,7546.666666666667,1,2
27556.0,2023,11,85,61,22824.0,0,0,29.0,30.0,5.0,21.32774,-157.902132,1754620322,2,1.2073256221521205,0,1,0,0,0,0,0,0,0,7608.0,1,2
27550.0,2023,11,85,61,23130.0,0,0,29.0,30.0,5.0,21.32774,-157.902132,1754620322,2,1.1910938175529615,0,1,0,0,0,0,0,0,0,7710.0,1,2
7998.0,2018,21,44,47,75108.0,0,1,41.0,31.0,4.0,25.783878,-80.334801,1754356892,7,0.1064866592107365,0,0,0,0,0,0,1,0,0,9388.5,2,0
22225.0,2025,21,44,49,18548.0,0,1,40.0,30.0,4.0,30.330842,-97.71443,1754620322,0,1.1982423981022212,0,0,0,0,1,0,0,0,0,18548.0,0,4
22225.0,2025,21,44,49,17965.0,0,1,40.0,30.0,4.0,30.330842,-97.71443,1754361469,0,1.237127748399666,0,0,0,0,1,0,0,0,0,17965.0,0,4
264857.0,2024,13,82,47,6778.0,0,0,19.0,14.0,5.0,41.323808,-81.627286,1754361166,1,39.07598111537327,0,0,1,0,0,0,0,0,0,3389.0,0,3
27549.0,2023,11,85,61,23160.0,0,0,29.0,30.0,5.0,21.32774,-157.902132,1754620321,2,1.1895077720207254,0,1,0,0,0,0,0,0,0,7720.0,1,2
40600.0,2022,3,78,28,48872.0,0,2,28.0,21.0,5.0,28.092796,-80.6114,1754620320,3,0.830741528891799,0,0,0,0,0,0,1,0,0,12218.0,1,0
19665.0,2023,17,4,58,30932.0,1,1,39.0,28.0,4.0,21.32774,-157.902132,1754017428,2,0.6357493857493858,0,1,0,0,0,0,0,0,0,10310.666666666666,1,2
31981.0,2021,6,31,33,107136.0,0,0,27.0,24.0,4.0,39.952366,-83.104071,1754363000,4,0.2985084378733572,0,0,1,0,0,0,0,0,0,21427.2,3,3
16069.0,2020,1,28,18,87523.0,0,1,33.0,27.0,5.0,39.861014,-82.830149,1754620319,5,0.1835974543834192,0,0,1,0,0,0,0,0,0,14587.166666666666,2,3
37995.0,2023,6,31,71,50321.0,0,0,27.0,24.0,4.0,34.021234,-81.078829,1754620317,2,0.755052562548439,0,0,0,0,0,0,0,0,1,16773.666666666668,1,9
20000.0,2021,6,30,72,76932.0,0,0,27.0,20.0,5.0,27.896242,-82.72329,1751077732,4,0.2599698434981542,0,0,0,0,0,0,1,0,0,15386.4,2,0
20995.0,2020,17,4,57,60233.0,1,1,37.0,27.0,4.0,30.110756,-94.141061,1754620315,5,0.3485630800391812,0,0,0,0,1,0,0,0,0,10038.833333333334,2,4
23841.0,2018,3,78,29,103619.0,0,2,28.0,21.0,5.0,28.062316,-82.737927,1754446419,7,0.230083285883863,0,0,0,0,0,0,1,0,0,12952.375,3,0
23444.0,2019,6,31,72,109112.0,0,0,28.0,24.0,4.0,28.062316,-82.737927,1754620312,6,0.2148617933866119,0,0,0,0,0,0,1,0,0,15587.42857142857,3,0
28235.0,2021,6,51,17,27860.0,0,2,33.0,22.0,2.0,26.985653,-82.102255,1753930092,4,1.0134601579325198,0,0,0,0,0,0,1,0,0,5572.0,1,0
18289.0,2021,8,2,31,61612.0,1,1,38.0,30.0,4.0,28.617224,-81.387927,1754360821,4,0.2968415243783678,0,0,0,0,0,0,1,0,0,12322.4,2,0
16678.0,2023,3,10,29,37846.0,0,1,110.0,131.0,5.0,38.017784,-121.278641,1754444774,2,0.4406806531733869,0,0,0,0,0,0,0,1,0,12615.333333333334,1,5
18288.0,2019,8,2,31,45885.0,1,1,38.0,30.0,4.0,30.298428,-81.729728,1754620310,6,0.3985616214449166,0,0,0,0,0,0,1,0,0,6555.0,1,0
20898.0,2021,18,62,55,80461.0,0,0,23.0,16.0,4.0,28.448971,-81.348621,1754356881,4,0.2597283155814618,0,0,0,0,0,0,1,0,0,16092.2,2,0
19644.0,2023,17,65,47,43402.0,1,1,37.0,30.0,5.0,36.074193,-80.259182,1754017223,2,0.4526058706972028,0,0,0,0,0,0,0,0,1,14467.333333333334,1,9
29453.0,2023,3,16,0,43100.0,0,2,31.0,22.0,2.0,28.553669,-81.429358,1754620305,2,0.6833642691415314,0,0,0,0,0,0,1,0,0,14366.666666666666,1,0
16220.0,2020,21,79,47,64789.0,0,1,34.0,26.0,5.0,33.89839,-84.301326,1754103500,5,0.2503511398539875,1,0,0,0,0,0,0,0,0,10798.166666666666,2,9
23974.0,2017,3,16,0,20582.0,0,2,31.0,22.0,2.0,39.298083,-84.30582,1754620304,8,1.1648041978427752,0,0,1,0,0,0,0,0,0,2286.8888888888887,1,3
19649.0,2023,17,65,47,32731.0,1,1,37.0,30.0,5.0,35.201112,-80.783712,1754620304,2,0.6003177415905411,0,0,0,0,0,0,0,0,1,10910.333333333334,1,9
21777.0,2022,21,79,47,31195.0,0,1,30.0,22.0,5.0,35.176705,-80.796985,1752028633,3,0.6980926430517711,0,0,0,0,0,0,0,0,1,7798.75,1,9
21747.0,2024,21,44,61,870.0,0,1,41.0,31.0,4.0,35.176705,-80.796985,1754620302,1,24.99655172413793,0,0,0,0,0,0,0,0,1,435.0,0,9
