price,year,make,model,trim,miles,transmission,drivetrain,highway_mpg,city_mpg,doors,latitude,longitude,listing_date
24599.0,2023,Hyundai,Elantra,Limited,18070.0,Automatic,FWD,52.0,49.0,4,34.076282,-83.983106,1754797608
16986.0,2021,Hyundai,Elantra,Limited,93972.0,Automatic,FWD,52.0,49.0,4,35.186854,-89.90119,1754624114
18777.0,2021,Hyundai,Elantra,N Line,43809.0,Automatic,FWD,36.0,28.0,4,35.868404,-78.722353,1754541956
22216.0,2024,Hyundai,Elantra,SEL,4665.0,CVT,FWD,41.0,31.0,4,40.135308,-75.122827,1753068780
20990.0,2022,Hyundai,Sonata,SEL,27901.0,Automatic,FWD,37.0,27.0,4,42.054537,-71.072712,1754623533
20999.0,2023,Hyundai,Sonata,SEL,50850.0,Automatic,FWD,37.0,27.0,4,39.177003,-76.617127,1754713611
16484.0,2021,Hyundai,Elantra,Blue,78613.0,Automatic,FWD,58.0,53.0,4,39.851305,-104.978422,1752287169
3911.0,2003,Hyundai,Elantra,GLS,137775.0,Manual,FWD,38.0,28.0,4,32.290325,-110.984328,1751539404
8995.0,2009,Hyundai,Elantra,GLS,88317.0,Automatic,FWD,38.0,28.0,4,33.639237,-112.345,1753421142
20990.0,2023,Hyundai,Sonata,SEL,63550.0,Automatic,FWD,37.0,27.0,4,41.208756,-111.9806,1754797910
55000.0,2024,Ford,F-150,Lariat,26308.0,Automatic,4WD,27.0,24.0,4,28.3572,-82.183005,1754797946
11590.0,2012,Hyundai,Genesis,3.8,114332.0,Automatic,RWD,32.0,23.0,4,35.373771,-80.633215,1754376360
18590.0,2017,Hyundai,Elantra,Limited,19786.0,Automatic,FWD,41.0,31.0,4,33.366134,-86.937397,1753496202
56056.0,2024,Ford,F-150,Lariat,15466.0,Automatic,4WD,27.0,24.0,4,28.3572,-82.183005,1754539970
16995.0,2017,Hyundai,Santa Fe,SE Ultimate,79806.0,Automatic,FWD,23.0,17.0,5,35.186854,-89.90119,1754882920
16800.0,2023,Hyundai,Elantra,SE,102756.0,CVT,FWD,43.0,33.0,4,35.186854,-89.90119,1754623841
21490.0,2022,Hyundai,Sonata,SEL,48510.0,Automatic,FWD,37.0,27.0,4,33.960819,-84.121177,1754709652
22592.0,2025,Hyundai,Elantra,SEL,6245.0,CVT,FWD,41.0,31.0,4,33.931973,-84.511404,1753281812
19984.0,2022,Hyundai,Elantra,Blue,48806.0,Automatic,FWD,58.0,53.0,4,39.851305,-104.978422,1751421958
19984.0,2022,Hyundai,Elantra,Limited,63397.0,Automatic,FWD,41.0,31.0,4,39.851305,-104.978422,1751421957
24499.0,2023,Hyundai,Santa Fe,SEL Convenience PHEV,39520.0,Automatic,4WD,32.0,24.0,5,25.970138,-80.205246,1754710642
18590.0,2018,Hyundai,Elantra,SE,5354.0,Automatic,FWD,43.0,33.0,4,33.44014,-112.261967,1752816760
21993.0,2025,Hyundai,Elantra,SEL,3184.0,CVT,FWD,41.0,31.0,4,40.481141,-74.863049,1753848053
64995.0,2025,Ford,F-150,Tremor,281.0,Automatic,4WD,24.0,18.0,4,45.509792,-122.967618,1751690232
54995.0,2024,Ford,F-150,Lariat,12694.0,Automatic,4WD,27.0,24.0,4,45.509792,-122.967618,1754542639
54900.0,2024,Ford,F-150,Lariat,36208.0,Automatic,4WD,27.0,24.0,4,28.3572,-82.183005,1753326374
54995.0,2024,Ford,F-150,Lariat,14510.0,Automatic,4WD,27.0,24.0,4,45.509792,-122.967618,1754542651
20797.0,2023,Hyundai,Elantra,Limited,28370.0,Automatic,FWD,41.0,31.0,4,35.868404,-78.722353,1754541587
20225.0,2024,Hyundai,Elantra,SEL,4939.0,CVT,FWD,41.0,31.0,4,38.468752,-77.399995,1752551379
57995.0,2024,Ford,F-150,Lariat,13280.0,Automatic,4WD,27.0,24.0,4,45.509792,-122.967618,1754627328
27990.0,2019,GENESIS,G90,Premium,39601.0,Automatic,RWD,25.0,17.0,4,32.883449,-96.888812,1753331696
58259.0,2024,Ford,F-150,Lariat,13728.0,Automatic,4WD,27.0,24.0,4,35.883493,-78.571211,1754023335
22997.0,2024,Hyundai,Elantra,Limited,22089.0,CVT,FWD,41.0,31.0,4,35.868404,-78.722353,1754541591
45947.0,2025,Hyundai,Palisade,Calligraphy,9758.0,Automatic,FWD,27.0,19.0,5,42.516088,-83.609025,1754709499
22486.0,2023,Hyundai,Sonata Hybrid,Blue,44230.0,Automatic,FWD,54.0,50.0,4,34.01724,-81.075345,1754710038
15990.0,2017,Hyundai,Elantra,SE,54858.0,Automatic,FWD,43.0,33.0,4,40.042158,-74.930884,1754617515
13991.0,2015,Volkswagen,Passat,SE,38997.0,Automatic,FWD,38.0,25.0,4,29.777745,-95.543887,1735701960
14590.0,2015,Volkswagen,Passat,SE,67886.0,Automatic,FWD,38.0,25.0,4,35.18082,-90.205482,1754621486
13590.0,2017,Volkswagen,Passat,SE,102478.0,Automatic,FWD,38.0,25.0,4,29.304737,-98.39608,1752821518
13990.0,2014,Volkswagen,Passat,SEL Premium,87091.0,Automatic,FWD,42.0,30.0,4,36.225749,-115.126567,1754546116
13990.0,2015,Volkswagen,Passat,SEL Premium,92456.0,Automatic,FWD,38.0,25.0,4,34.00343,-83.784309,1754446342
19990.0,2017,Volkswagen,Passat,SE,38222.0,Automatic,FWD,38.0,25.0,4,40.549286,-74.58278,1750819761
39737.0,2024,Hyundai,Palisade,Limited,32916.0,Automatic,4WD,25.0,19.0,5,43.620364,-116.298611,1754195136
23383.0,2025,Hyundai,Elantra,SEL,4855.0,CVT,FWD,41.0,31.0,4,32.011346,-81.115039,1751369755
11234.0,2017,Hyundai,Elantra,SE,70605.0,Automatic,FWD,43.0,33.0,4,35.945528,-78.536713,1754538202
38607.0,2025,Volkswagen,Atlas Cross Sport,SE w/Tech,19522.0,Automatic,FWD,27.0,21.0,5,37.628285,-122.400569,1754711039
38606.0,2025,Volkswagen,Atlas Cross Sport,SE w/Tech,26197.0,Automatic,FWD,27.0,21.0,5,30.330842,-97.71443,1754624014
38610.0,2025,Volkswagen,Atlas Cross Sport,SE w/Tech,19424.0,Automatic,FWD,27.0,21.0,5,33.959724,-118.373132,1754624014
38606.0,2025,Volkswagen,Atlas Cross Sport,SE w/Tech,18487.0,Automatic,FWD,27.0,21.0,5,37.628285,-122.400569,1754624346
38612.0,2025,Volkswagen,Atlas Cross Sport,SE w/Tech,18644.0,Automatic,FWD,27.0,21.0,5,37.628285,-122.400569,1754710747
38605.0,2025,Volkswagen,Atlas Cross Sport,SE w/Tech,19325.0,Automatic,FWD,27.0,21.0,5,37.32366,-121.979436,1754710616
38589.0,2025,Volkswagen,Atlas Cross Sport,SE w/Tech,19811.0,Automatic,FWD,27.0,21.0,5,36.143864,-115.127092,1754710615
38583.0,2025,Volkswagen,Atlas Cross Sport,SE w/Tech,19812.0,Automatic,FWD,27.0,21.0,5,35.042212,-106.6264,1754710615
38605.0,2025,Volkswagen,Atlas Cross Sport,SE w/Tech,18419.0,Automatic,FWD,27.0,21.0,5,33.959724,-118.373132,1754624013
38583.0,2025,Volkswagen,Atlas Cross Sport,SE w/Tech,19853.0,Automatic,FWD,27.0,21.0,5,33.931955,-117.409245,1754710615
38584.0,2025,Volkswagen,Atlas Cross Sport,SE w/Tech,19188.0,Automatic,FWD,27.0,21.0,5,33.959724,-118.373132,1754624012
38582.0,2025,Volkswagen,Atlas Cross Sport,SE w/Tech,20156.0,Automatic,FWD,27.0,21.0,5,32.737275,-117.17746,1754624011
38591.0,2025,Volkswagen,Atlas Cross Sport,SE w/Tech,19794.0,Automatic,FWD,27.0,21.0,5,37.32366,-121.979436,1754710615
38584.0,2025,Volkswagen,Atlas Cross Sport,SE w/Tech,19985.0,Automatic,FWD,27.0,21.0,5,36.143864,-115.127092,1754624012
38571.0,2025,Volkswagen,Atlas Cross Sport,SE w/Tech,20025.0,Automatic,FWD,27.0,21.0,5,38.606093,-121.400902,1754710614
38605.0,2025,Volkswagen,Atlas Cross Sport,SE w/Tech,25818.0,Automatic,FWD,27.0,21.0,5,42.165791,-83.174964,1754710905
13990.0,2013,Hyundai,Accent,SE,26577.0,Automatic,FWD,37.0,28.0,5,29.777745,-95.543887,1727184113
32765.0,2025,Hyundai,Sonata Hybrid,SEL,39601.0,Automatic,FWD,51.0,45.0,4,42.092896,-76.019698,1754540924
14990.0,2017,Hyundai,Elantra,SE,66911.0,Automatic,FWD,43.0,33.0,4,42.998925,-78.530147,1754373043
13590.0,2017,Hyundai,Ioniq,SEL,105813.0,Automatic,FWD,57.0,55.0,5,40.533464,-112.345336,1754447400
25990.0,2020,Hyundai,Palisade,Limited,83266.0,Automatic,4WD,25.0,19.0,5,35.458641,-80.609741,1751601456
15995.0,2021,Hyundai,Kona,NIGHT,105728.0,Automatic,4WD,29.0,26.0,5,41.601086,-93.579252,1752119902
22499.0,2022,Hyundai,Sonata,SEL,29741.0,Automatic,FWD,37.0,27.0,4,33.834327,-84.076223,1754195436
38453.0,2025,Volkswagen,Atlas Cross Sport,SE w/Tech,21510.0,Automatic,FWD,27.0,21.0,5,33.959724,-118.373132,1754710294
38327.0,2025,Volkswagen,Atlas Cross Sport,SE w/Tech,26868.0,Automatic,FWD,27.0,21.0,5,33.931955,-117.409245,1754710118
5495.0,2008,Hyundai,Elantra,GLS,132878.0,Automatic,FWD,43.0,33.0,4,41.601086,-93.579252,1752724956
7995.0,2016,Hyundai,Elantra GT,Base,74435.0,Automatic,FWD,37.0,27.0,5,41.601086,-93.579252,1754449429
21000.0,2023,Hyundai,Elantra,SEL,47016.0,Automatic,FWD,41.0,31.0,4,32.247599,-80.835641,1754710142
21687.0,2022,Hyundai,Kona,SEL,11927.0,CVT,4WD,33.0,28.0,5,40.481141,-74.863049,1753848198
30000.0,2022,Hyundai,Palisade,Calligraphy,79136.0,Automatic,FWD,27.0,19.0,5,35.186854,-89.90119,1754882717
36198.0,2024,Volkswagen,Atlas,SE w/Tech,21826.0,Automatic,FWD,26.0,20.0,5,39.326039,-84.511978,1754363870
18642.0,2019,Hyundai,Kona,Iron Man,69024.0,Automatic,4WD,29.0,26.0,5,39.326039,-84.511978,1754713936
19995.0,2019,Volkswagen,Atlas,SEL R-Line,111295.0,Automatic,4WD,23.0,17.0,5,43.125966,-76.114488,1754108833
4500.0,2017,Volkswagen,Passat,SE,142000.0,Automatic,FWD,38.0,25.0,4,40.7422,-74.20617,1752928521
12990.0,2017,Hyundai,Elantra GT,GT,84011.0,Automatic,FWD,37.0,27.0,5,41.459784,-87.729945,1751423645
15990.0,2013,Hyundai,Equus,Signature,54963.0,Automatic,RWD,24.0,16.0,4,39.952366,-83.104071,1754367604
17990.0,2021,Hyundai,Sonata,SEL,76307.0,Automatic,FWD,37.0,27.0,4,39.599828,-86.10368,1754882696
21590.0,2018,Volkswagen,Atlas,SE w/Tech,79805.0,Automatic,4WD,24.0,21.0,5,37.318014,-77.397499,1753585380
14990.0,2017,Volkswagen,Passat,SE,100575.0,Automatic,FWD,38.0,25.0,4,40.549286,-74.58278,1754623007
17590.0,2017,Volkswagen,Passat,SEL Premium,64332.0,Automatic,FWD,38.0,25.0,4,42.998925,-78.530147,1753933324
15990.0,2017,Volkswagen,Passat,R-Line,70659.0,Automatic,FWD,38.0,25.0,4,42.998925,-78.530147,1754535889
28590.0,2019,Volkswagen,Atlas,SE w/Tech,33036.0,Automatic,4WD,24.0,21.0,5,40.042158,-74.930884,1754546111
21990.0,2023,Hyundai,Kona,SEL,55573.0,CVT,4WD,33.0,28.0,5,41.208756,-111.9806,1754797778
31246.0,2022,Hyundai,Palisade,Calligraphy,57934.0,Automatic,FWD,27.0,19.0,5,28.988836,-81.30184,1754796787
20788.0,2023,Hyundai,Kona,Limited,46033.0,Automatic,FWD,35.0,29.0,5,29.678723,-95.539572,1754449497
21990.0,2023,Hyundai,Kona,SEL,53620.0,CVT,4WD,33.0,28.0,5,41.208756,-111.9806,1754797787
21624.0,2024,Hyundai,Elantra,SEL,28244.0,CVT,FWD,41.0,31.0,4,35.868404,-78.722353,1754541521
20897.0,2024,Hyundai,Elantra,SEL,28627.0,CVT,FWD,41.0,31.0,4,35.868404,-78.722353,1754882670
19995.0,2019,Jeep,Compass,Sport,59597.0,Automatic,FWD,32.0,23.0,5,33.960819,-84.121177,1754195396
30000.0,2022,Hyundai,Palisade,Calligraphy,96878.0,Automatic,4WD,25.0,19.0,5,35.186854,-89.90119,1754882669
20867.0,2024,Hyundai,Elantra,SEL,30640.0,CVT,FWD,41.0,31.0,4,35.868404,-78.722353,1754541521
20427.0,2023,Hyundai,Kona,SEL,52157.0,CVT,4WD,33.0,28.0,5,39.942415,-83.83363,1754710396
20413.0,2024,Hyundai,Elantra,SEL,28420.0,CVT,FWD,41.0,31.0,4,35.868404,-78.722353,1754623877
30341.0,2023,Hyundai,Santa Fe,Limited PHEV,22905.0,Automatic,4WD,32.0,24.0,5,40.21387,-80.198346,1753761892
11995.0,2016,Hyundai,Accent,SE,109013.0,Automatic,FWD,41.0,33.0,4,33.450858,-112.107393,1753325427
16755.0,2022,Hyundai,Elantra,SEL,89860.0,Automatic,FWD,41.0,31.0,4,35.868404,-78.722353,1754797004
38938.0,2023,Hyundai,Palisade,Calligraphy,39996.0,Automatic,4WD,25.0,19.0,5,45.509792,-122.967618,1753503207
28710.0,2025,Hyundai,Elantra,Blue,2.0,Automatic,FWD,58.0,53.0,4,42.092896,-76.019698,1746847835
24665.0,2025,Hyundai,Elantra,SEL,2.0,CVT,FWD,41.0,31.0,4,42.092896,-76.019698,1746843804
38569.0,2025,Volkswagen,Atlas Cross Sport,SE w/Tech,20369.0,Automatic,FWD,27.0,21.0,5,37.628285,-122.400569,1754710614
15990.0,2017,Hyundai,Santa Fe,Limited Ultimate,121401.0,Automatic,4WD,22.0,17.0,5,38.840234,-94.538738,1754711834
14990.0,2016,Hyundai,Elantra,Sport,67080.0,Automatic,FWD,35.0,24.0,4,35.373771,-80.633215,1752576201
38566.0,2025,Volkswagen,Atlas,SE w/Tech,20934.0,Automatic,4WD,26.0,20.0,5,39.62704,-104.987398,1754624175
38555.0,2025,Volkswagen,Atlas Cross Sport,SE w/Tech,19881.0,Automatic,FWD,27.0,21.0,5,40.691357,-111.887901,1754710447
38552.0,2025,Volkswagen,Atlas Cross Sport,SE w/Tech,21002.0,Automatic,FWD,27.0,21.0,5,32.737275,-117.17746,1754623896
38543.0,2025,Volkswagen,Atlas Cross Sport,SE w/Tech,21107.0,Automatic,FWD,27.0,21.0,5,33.959724,-118.373132,1754710446
38567.0,2025,Volkswagen,Atlas Cross Sport,SE w/Tech,19656.0,Automatic,FWD,27.0,21.0,5,33.931955,-117.409245,1754710614
38559.0,2025,Volkswagen,Atlas Cross Sport,SE w/Tech,20782.0,Automatic,FWD,27.0,21.0,5,36.143864,-115.127092,1754710731
12990.0,2017,Hyundai,Elantra,Limited,96533.0,Automatic,FWD,41.0,31.0,4,40.533464,-112.345336,1754527963
24690.0,2025,Hyundai,Elantra,SEL,2.0,CVT,FWD,41.0,31.0,4,42.092896,-76.019698,1741244462
24690.0,2025,Hyundai,Elantra,SEL,2.0,CVT,FWD,41.0,31.0,4,42.092896,-76.019698,1741318773
38529.0,2025,Volkswagen,Atlas Cross Sport,SE w/Tech,20171.0,Automatic,FWD,27.0,21.0,5,32.737275,-117.17746,1754710445
38538.0,2025,Volkswagen,Atlas Cross Sport,SE w/Tech,21518.0,Automatic,FWD,27.0,21.0,5,33.959724,-118.373132,1754710446
38539.0,2025,Volkswagen,Atlas Cross Sport,SE w/Tech,27982.0,Automatic,FWD,27.0,21.0,5,31.981099,-102.111937,1754710446
38533.0,2025,Volkswagen,Atlas Cross Sport,SE w/Tech,21624.0,Automatic,FWD,27.0,21.0,5,42.012594,-87.888266,1754623894
38532.0,2025,Volkswagen,Atlas Cross Sport,SE w/Tech,21227.0,Automatic,FWD,27.0,21.0,5,36.143864,-115.127092,1754710445
38540.0,2025,Volkswagen,Atlas Cross Sport,SE w/Tech,21332.0,Automatic,FWD,27.0,21.0,5,33.959724,-118.373132,1754710446
38530.0,2025,Volkswagen,Atlas Cross Sport,SE w/Tech,21358.0,Automatic,FWD,27.0,21.0,5,37.32366,-121.979436,1754710445
13590.0,2016,Hyundai,Elantra GT,Base,81354.0,Automatic,FWD,37.0,27.0,5,39.824942,-85.923198,1754616497
39650.0,2025,Hyundai,Sonata Hybrid,Limited,2.0,Automatic,FWD,51.0,45.0,4,42.092896,-76.019698,1743653039
38525.0,2025,Volkswagen,Atlas Cross Sport,SE w/Tech,21792.0,Automatic,FWD,27.0,21.0,5,36.143864,-115.127092,1754710444
23981.0,2020,Hyundai,Palisade,Limited,127927.0,Automatic,4WD,25.0,19.0,5,39.952366,-83.104071,1754367610
17497.0,2020,Hyundai,IONIQ,Limited,64261.0,Automatic,FWD,57.0,55.0,5,30.174304,-81.549101,1754539900
17449.0,2023,Hyundai,Elantra,SE,24487.0,CVT,FWD,43.0,33.0,4,26.28175,-80.201171,1754107122
27920.0,2025,Hyundai,Elantra,Blue,39601.0,Automatic,FWD,58.0,53.0,4,42.092896,-76.019698,1754712444
21722.0,2022,Hyundai,Kona,SEL,29553.0,CVT,4WD,33.0,28.0,5,40.33359,-75.13698,1754796509
28668.0,2024,Toyota,RAV4,XLE,21198.0,Automatic,FWD,35.0,28.0,5,40.527114,-80.208687,1752291270
28306.0,2024,Toyota,RAV4,XLE,21571.0,Automatic,FWD,35.0,28.0,5,40.200925,-75.090452,1754489774
12499.0,2017,GENESIS,G80,Base,89511.0,Automatic,RWD,32.0,23.0,4,25.970138,-80.205246,1754107247
17990.0,2016,Acura,MDX,Base,105598.0,Automatic,4WD,27.0,18.0,5,39.599828,-86.10368,1751888067
17999.0,2020,Hyundai,Kona,SE,39601.0,Automatic,4WD,33.0,28.0,5,42.977879,-78.780095,1754796249
16995.0,2017,Volkswagen,Passat,R-Line,82926.0,Automatic,FWD,38.0,25.0,4,42.977879,-78.780095,1752900105
28057.0,2024,Toyota,RAV4,XLE,23489.0,Automatic,FWD,35.0,28.0,5,40.856025,-73.168016,1754489773
16990.0,2017,Acura,MDX,Technology Package,120741.0,Automatic,4WD,27.0,19.0,5,39.599828,-86.10368,1754201438
35000.0,2022,Honda,Ridgeline,RTL-E,30390.0,Automatic,4WD,25.0,19.0,4,42.908844,-77.69772,1754112167
47960.0,2024,RAM,Ram 2500 Pickup,Laramie,65809.0,Automatic,4WD,32.0,24.0,4,35.186854,-89.90119,1754623468
23449.0,2023,Hyundai,Sonata,SEL,26999.0,Automatic,FWD,37.0,27.0,4,32.551969,-84.94066,1753791256
43798.0,2024,Jeep,Wrangler 4-Door,Rubicon,2986.0,Manual,4WD,29.0,30.0,5,36.104428,-86.761003,1754452975
38251.0,2025,Volkswagen,Atlas,SE w/Tech,20318.0,Automatic,4WD,26.0,20.0,5,32.839461,-96.99136,1754709959
19499.0,2019,Honda,Ridgeline,Black Edition,116360.0,Automatic,4WD,25.0,19.0,4,25.970138,-80.205246,1753936131
9795.0,2015,Hyundai,Santa Fe,Limited,101395.0,Automatic,4WD,24.0,18.0,5,37.308909,-79.613326,1740805108
21344.0,2024,Hyundai,Elantra,SE,19480.0,CVT,FWD,43.0,33.0,4,35.445316,-79.127423,1754022278
18949.0,2019,Volkswagen,Atlas,SE w/Tech,54914.0,Automatic,FWD,25.0,18.0,5,41.207903,-96.023028,1747968516
58485.0,2024,Ford,F-150,Lariat,3284.0,Automatic,4WD,27.0,24.0,4,26.985653,-82.102255,1754193799
29446.0,2025,Nissan,Kicks,SR AWD,8.0,CVT,4WD,34.0,27.0,5,37.890332,-122.130024,1754445982
31499.0,2021,Volkswagen,Atlas,SEL Premium,37301.0,Automatic,4WD,23.0,17.0,5,39.111508,-77.558173,1754803047
30495.0,2021,Hyundai,Palisade,Calligraphy,66775.0,Automatic,4WD,25.0,19.0,5,39.111508,-77.558173,1754803047
38515.0,2025,Volkswagen,Atlas,SE w/Tech,18150.0,Automatic,4WD,26.0,20.0,5,35.201112,-80.783712,1754710295
38508.0,2025,Volkswagen,Atlas Cross Sport,SE w/Tech,22383.0,Automatic,FWD,27.0,21.0,5,33.919015,-118.092562,1754623739
38518.0,2025,Volkswagen,Atlas Cross Sport,SE w/Tech,28928.0,Automatic,FWD,27.0,21.0,5,32.839461,-96.99136,1754710444
38517.0,2025,Volkswagen,Atlas Cross Sport,SE w/Tech,22071.0,Automatic,FWD,27.0,21.0,5,30.005854,-90.184512,1754710444
38506.0,2025,Volkswagen,Atlas Cross Sport,SE w/Tech,21744.0,Automatic,FWD,27.0,21.0,5,35.201112,-80.783712,1754710295
38521.0,2025,Volkswagen,Atlas Cross Sport,SE w/Tech,22002.0,Automatic,FWD,27.0,21.0,5,36.143864,-115.127092,1754710444
38515.0,2025,Volkswagen,Atlas Cross Sport,SE w/Tech,21778.0,Automatic,FWD,27.0,21.0,5,33.959724,-118.373132,1754710295
22998.0,2022,Hyundai,Tucson,N Line,42789.0,Automatic,FWD,33.0,26.0,5,35.037695,-89.79363,1754539304
22995.0,2021,Hyundai,Santa Fe,Blue,58325.0,Automatic,4WD,31.0,36.0,5,39.111508,-77.558173,1754632029
38477.0,2025,Volkswagen,Atlas,SE w/Tech,19440.0,Automatic,4WD,26.0,20.0,5,32.839461,-96.99136,1754710586
38489.0,2025,Volkswagen,Atlas,SE w/Tech,18709.0,Automatic,4WD,26.0,20.0,5,42.165791,-83.174964,1754710294
38497.0,2025,Volkswagen,Atlas Cross Sport,SE w/Tech,22278.0,Automatic,FWD,27.0,21.0,5,36.143864,-115.127092,1754710295
38488.0,2025,Volkswagen,Atlas Cross Sport,SE w/Tech,19693.0,Automatic,FWD,27.0,21.0,5,37.628285,-122.400569,1754710294
38480.0,2025,Volkswagen,Atlas Cross Sport,SE w/Tech,23222.0,Automatic,FWD,27.0,21.0,5,36.143864,-115.127092,1754710589
38467.0,2025,Volkswagen,Atlas Cross Sport,SE w/Tech,22946.0,Automatic,FWD,27.0,21.0,5,37.628285,-122.400569,1754623736
38494.0,2025,Volkswagen,Atlas Cross Sport,SE w/Tech,22331.0,Automatic,FWD,27.0,21.0,5,33.959724,-118.373132,1754710295
38479.0,2025,Volkswagen,Atlas Cross Sport,SE w/Tech,22874.0,Automatic,FWD,27.0,21.0,5,47.472687,-122.333377,1754710294
38479.0,2025,Volkswagen,Atlas Cross Sport,SE w/Tech,23123.0,Automatic,FWD,27.0,21.0,5,37.628285,-122.400569,1754710294
38501.0,2025,Volkswagen,Atlas Cross Sport,SE w/Tech,22584.0,Automatic,FWD,27.0,21.0,5,37.628285,-122.400569,1754710581
20995.0,2023,Hyundai,Elantra,N Line,58872.0,Automatic,FWD,36.0,28.0,4,39.111508,-77.558173,1754632053
38466.0,2025,Volkswagen,Atlas Cross Sport,SE w/Tech,23536.0,Automatic,FWD,27.0,21.0,5,33.959724,-118.373132,1754710587
19990.0,2019,Volkswagen,Atlas,SE w/Tech,100365.0,Automatic,FWD,25.0,18.0,5,34.00343,-83.784309,1754797867
13990.0,2017,Volkswagen,Passat,SE,104435.0,Automatic,FWD,38.0,25.0,4,34.00343,-83.784309,1751686507
30795.0,2022,Honda,Ridgeline,RTL-E,52881.0,Automatic,4WD,25.0,19.0,4,43.620364,-116.298611,1754625774
27990.0,2019,Volkswagen,Atlas,SE w/Tech,39505.0,Automatic,4WD,24.0,21.0,5,33.549055,-84.550698,1754366867
14990.0,2018,Volkswagen,Passat,R-Line,92425.0,Automatic,FWD,38.0,25.0,4,35.415715,-97.629616,1753934109
15590.0,2017,Volkswagen,Passat,SE,74431.0,Automatic,FWD,38.0,25.0,4,28.077342,-81.601247,1754362355
9962.0,2011,Cadillac,CTS,Luxury Collection,78946.0,Automatic,4WD,31.0,22.0,4,38.816667,-104.84081,1754799457
16990.0,2021,Hyundai,Kona EV,Limited,34051.0,Automatic,FWD,108.0,132.0,5,39.795149,-105.0241,1754195401
22420.0,2021,Hyundai,Palisade,SEL,94091.0,Automatic,FWD,27.0,19.0,5,33.941257,-83.479772,1753501157
5327.0,2006,Chevrolet,Monte Carlo,LS,138804.0,Automatic,FWD,32.0,21.0,2,39.072273,-84.333087,1754451211
4406.0,2009,Chevrolet,Impala,LT,172448.0,Automatic,FWD,29.0,22.0,4,39.072273,-84.333087,1754451206
89970.0,2023,Cadillac,CT5,V-Series Blackwing,18458.0,Manual,RWD,21.0,13.0,4,34.091826,-84.00786,1754798743
19500.0,2020,Hyundai,Palisade,SEL,116907.0,Automatic,4WD,25.0,19.0,5,38.89645,-77.107946,1754796188
20459.0,2018,Volkswagen,Atlas,SE w/Tech,60816.0,Automatic,4WD,24.0,21.0,5,42.908844,-77.69772,1754796224
29358.0,2022,Honda,Ridgeline,RTL-E,59759.0,Automatic,4WD,25.0,19.0,4,35.096222,-80.883523,1753842548
27435.0,2019,Chevrolet,Express Passenger,LT,73887.0,Automatic,RWD,32.0,24.0,4,35.518236,-78.320166,1754798522
34122.0,2024,Toyota,RAV4,XLE,8363.0,Automatic,FWD,35.0,28.0,5,36.337643,-78.443088,1754882572
33643.0,2023,Cadillac,CT4,Sport,11390.0,Automatic,RWD,32.0,23.0,4,42.908844,-77.69772,1754709614
25500.0,2020,Toyota,RAV4,XLE,34350.0,Automatic,FWD,35.0,28.0,5,33.830346,-118.167192,1754882569
50000.0,2024,Chevrolet,Silverado 2500HD,LTZ,73798.0,Automatic,4WD,32.0,24.0,4,35.186854,-89.90119,1754368278
47638.0,2025,Cadillac,CT5,Premium Luxury,19640.0,Automatic,4WD,31.0,22.0,4,42.908844,-77.69772,1754363517
28910.0,2019,Lexus,NX,300,16447.0,Automatic,4WD,28.0,22.0,5,42.908844,-77.69772,1754796517
29514.0,2025,Nissan,Kicks,SR AWD,20.0,CVT,4WD,34.0,27.0,5,37.890332,-122.130024,1754445913
16990.0,2015,Hyundai,Tucson,Limited,57082.0,Automatic,4WD,28.0,21.0,5,40.549286,-74.58278,1754029674
14590.0,2019,Hyundai,Kona,SE,100591.0,Automatic,FWD,35.0,30.0,5,38.825125,-121.312132,1754449267
12790.0,2016,Hyundai,Elantra GT,Base,74806.0,Automatic,FWD,37.0,27.0,5,45.543842,-122.41855,1754705243
18990.0,2017,Hyundai,Elantra,Limited,30043.0,Automatic,FWD,41.0,31.0,4,41.415114,-82.162291,1754449470
14990.0,2017,Hyundai,Elantra,SE,67604.0,Automatic,FWD,43.0,33.0,4,42.268412,-71.406589,1754363410
19877.0,2024,Hyundai,Elantra,SEL,8621.0,CVT,FWD,41.0,31.0,4,38.468752,-77.399995,1753415417
15990.0,2013,Mazda,CX-5,Grand Touring,81681.0,Automatic,4WD,31.0,26.0,5,42.268412,-71.406589,1754882556
9997.0,2013,Ford,Escape,Titanium,102372.0,Automatic,4WD,31.0,23.0,5,38.817126,-104.834791,1754623207
11057.0,2015,Chevrolet,Camaro,1LT,115868.0,Automatic,RWD,30.0,21.0,2,34.228957,-119.152693,1754796133
5955.0,2012,Chevrolet,Impala,2FL,146202.0,Automatic,FWD,30.0,19.0,4,33.639237,-112.345,1751376263
10995.0,2011,Chevrolet,Impala,LS,86776.0,Automatic,FWD,31.0,21.0,4,33.639237,-112.345,1754626883
37477.0,2024,Hyundai,Palisade,Limited,47883.0,Automatic,4WD,25.0,19.0,5,35.176705,-80.796985,1754623462
12999.0,2014,Chevrolet,Impala,2LZ,73284.0,Automatic,FWD,30.0,19.0,4,41.065286,-74.131979,1754796121
11995.0,2011,Chevrolet,Impala,LT,66643.0,Automatic,FWD,31.0,21.0,4,33.639237,-112.345,1751376316
32888.0,2021,Cadillac,CT5,Premium Luxury,40298.0,Automatic,RWD,33.0,23.0,4,28.847462,-82.578257,1753847525
12495.0,2016,Hyundai,Accent,SE,94368.0,Automatic,FWD,41.0,33.0,4,33.450858,-112.107393,1751435878
11446.0,2014,Ford,Focus,ST,109217.0,Manual,FWD,32.0,23.0,5,41.080356,-78.786491,1754797300
32490.0,2024,Volkswagen,Atlas Cross Sport,SE w/Tech,23577.0,Automatic,FWD,27.0,21.0,5,32.838373,-96.957903,1753583553
16995.0,2014,Acura,MDX,Base,92949.0,Automatic,FWD,28.0,20.0,5,28.790577,-81.344153,1754449832
30423.0,2023,Volkswagen,Atlas Cross Sport,SE w/Tech,39601.0,Automatic,FWD,27.0,21.0,5,28.829539,-81.80527,1754625024
11495.0,2013,Hyundai,Elantra,GLS,94500.0,Automatic,FWD,43.0,33.0,4,33.450858,-112.107393,1753934038
26920.0,2021,Hyundai,Palisade,SEL,52786.0,Automatic,FWD,27.0,19.0,5,33.78593,-84.61775,1754539813
28753.0,2024,Hyundai,Sonata,N Line,9818.0,Automatic,FWD,33.0,23.0,4,31.087156,-97.705268,1754710832
12720.0,2017,Hyundai,Santa Fe,SE,86873.0,Automatic,FWD,25.0,18.0,5,33.78593,-84.61775,1754278410
28451.0,2020,Land Rover,Discovery Sport,SE,33914.0,Automatic,4WD,24.0,19.0,5,31.087156,-97.705268,1754797855
28987.0,2021,Toyota,Camry,XSE,40038.0,CVT,FWD,47.0,48.0,4,35.868404,-78.722353,1754623660
18590.0,2016,Mazda,CX-5,Touring,63852.0,Automatic,FWD,33.0,26.0,5,40.042158,-74.930884,1754357373
13898.0,2020,Hyundai,Elantra,SE,35762.0,Automatic,FWD,43.0,33.0,4,34.064022,-117.688996,1754106481
20888.0,2021,Hyundai,Sonata Hybrid,Limited,46304.0,Automatic,FWD,51.0,45.0,4,34.064022,-117.688996,1754190924
61800.0,2023,Lexus,GX,PREMIUM,11726.0,Automatic,4WD,21.0,15.0,5,35.186854,-89.90119,1754623408
70495.0,2025,Ford,F-150,Lariat,4.0,Automatic,4WD,27.0,24.0,4,42.387038,-87.999534,1746797904
40600.0,2025,Ford,Escape,Platinum,5296.0,CVT,4WD,36.0,42.0,5,42.387038,-87.999534,1753842953
63920.0,2025,Ford,F-150,XLT,4.0,Automatic,4WD,28.0,24.0,4,42.387038,-87.999534,1747378596
27995.0,2024,Volkswagen,Atlas Cross Sport,SE w/Tech,68399.0,Automatic,4WD,26.0,20.0,5,31.087156,-97.705268,1754539027
27455.0,2024,Toyota,RAV4,XLE,35387.0,Automatic,FWD,35.0,28.0,5,33.843386,-118.354162,1754713290
27728.0,2024,Toyota,RAV4,XLE,27368.0,Automatic,FWD,35.0,28.0,5,40.856025,-73.168016,1754489670
26389.0,2024,Toyota,Camry,SE,22129.0,Automatic,FWD,39.0,28.0,4,39.62704,-104.987398,1754017174
26181.0,2024,Toyota,Camry,SE,24262.0,Automatic,FWD,39.0,28.0,4,42.453896,-70.960347,1754713289
25986.0,2024,Toyota,Camry,SE,21328.0,Automatic,FWD,39.0,28.0,4,45.496351,-122.412249,1754632942
31370.0,2023,Hyundai,Palisade,XRT,61305.0,Automatic,FWD,27.0,19.0,5,34.083022,-83.986413,1753769949
25900.0,2024,Toyota,Camry,SE,33958.0,Automatic,FWD,39.0,28.0,4,40.691357,-111.887901,1754633331
25507.0,2024,Toyota,Camry,SE,26322.0,Automatic,FWD,39.0,28.0,4,40.856025,-73.168016,1754799175
19210.0,2018,Toyota,RAV4,XLE,87826.0,Automatic,4WD,33.0,27.0,5,42.908844,-77.69772,1753939195
35449.0,2024,Volkswagen,Atlas,SE w/Tech,12218.0,Automatic,FWD,27.0,21.0,5,34.083022,-83.986413,1754378295
34995.0,2025,Toyota,RAV4,XLE,5555.0,Automatic,FWD,35.0,28.0,5,35.061358,-78.967092,1753889997
32887.0,2022,Hyundai,Palisade,Calligraphy,52592.0,Automatic,4WD,25.0,19.0,5,42.908844,-77.69772,1754198292
14404.0,2016,Hyundai,Genesis,Base,76665.0,Automatic,4WD,30.0,22.0,4,43.587299,-72.967476,1754710327
12990.0,2017,Ford,Escape,Titanium,118673.0,Automatic,4WD,31.0,23.0,5,39.466082,-84.465167,1754624254
12589.0,2017,Chevrolet,Malibu,1LT,96958.0,Automatic,FWD,37.0,29.0,4,42.908844,-77.69772,1754449261
17529.0,2018,Chevrolet,Impala,1LT,34179.0,Automatic,FWD,31.0,22.0,4,42.908844,-77.69772,1754796217
2995.0,2007,Chevrolet,Impala,LS,138227.0,Automatic,FWD,31.0,21.0,4,43.620364,-116.298611,1753763518
32995.0,2024,Toyota,RAV4,XLE,29455.0,Automatic,FWD,35.0,28.0,5,35.061358,-78.967092,1754485482
33489.0,2023,Honda,Ridgeline,Black Edition,47536.0,Automatic,4WD,25.0,19.0,4,42.908844,-77.69772,1753763156
12495.0,2016,Hyundai,Accent,SE,92977.0,Automatic,FWD,41.0,33.0,4,33.639237,-112.345,1751376294
12995.0,2016,Hyundai,Elantra,SE,88860.0,Automatic,FWD,38.0,28.0,4,33.639237,-112.345,1751376295
17995.0,2023,Hyundai,Elantra,SE,33180.0,CVT,FWD,43.0,33.0,4,43.620364,-116.298611,1754622967
31916.0,2022,Volkswagen,Atlas,SE w/Tech,21751.0,Automatic,4WD,26.0,20.0,5,42.908844,-77.69772,1754537288
39995.0,2022,RAM,Ram 2500 Pickup,Big Horn,91262.0,Automatic,4WD,32.0,24.0,4,34.071259,-117.446393,1754449652
26495.0,2023,Toyota,Camry,SE,56325.0,Automatic,FWD,39.0,28.0,4,35.061358,-78.967092,1754485756
11995.0,2015,Hyundai,Accent,GLS,99303.0,Automatic,FWD,41.0,33.0,4,33.639237,-112.345,1751376307
28495.0,2023,Toyota,RAV4,XLE,55696.0,Automatic,FWD,35.0,28.0,5,35.061358,-78.967092,1753545105
25995.0,2023,Toyota,Camry,SE,56984.0,Automatic,FWD,39.0,28.0,4,35.061358,-78.967092,1753618227
25995.0,2023,Toyota,Camry,SE,55829.0,Automatic,FWD,39.0,28.0,4,35.061358,-78.967092,1753545067
25495.0,2023,Toyota,Camry,SE,55619.0,Automatic,FWD,39.0,28.0,4,35.061358,-78.967092,1753404060
43995.0,2022,RAM,Ram 2500 Pickup,Tradesman,18522.0,Automatic,4WD,32.0,24.0,4,34.071259,-117.446393,1744269140
25125.0,2023,Toyota,Camry,LE,12456.0,Automatic,FWD,39.0,28.0,4,42.908844,-77.69772,1753939190
17900.0,2018,GENESIS,G80,Base,88239.0,Automatic,4WD,30.0,22.0,4,30.37976,-97.741713,1754577911
35687.0,2024,Jeep,Wrangler 4-Door,Sport S,20007.0,Automatic,4WD,29.0,30.0,5,38.75153,-77.183664,1754455550
45998.0,2025,Buick,Enclave,Sport Touring,4202.0,Automatic,FWD,27.0,20.0,5,34.083022,-83.986413,1754466588
41997.0,2024,BMW,X5,40i,38802.0,Automatic,RWD,27.0,23.0,5,36.104428,-86.761003,1754452932
14990.0,2017,Volkswagen,Passat,SE,80269.0,Automatic,FWD,38.0,25.0,4,33.366134,-86.937397,1753757016
11995.0,2017,Hyundai,Accent,SE,101521.0,Automatic,FWD,41.0,33.0,4,33.639237,-112.345,1751862878
20590.0,2019,Volkswagen,Atlas,SE w/Tech,95855.0,Automatic,4WD,24.0,21.0,5,40.533464,-112.345336,1754709783
16590.0,2017,Volkswagen,Passat,SE,61918.0,Automatic,FWD,38.0,25.0,4,42.998925,-78.530147,1751944224
16990.0,2019,Volkswagen,Passat,Wolfsburg Edition,70785.0,Automatic,FWD,36.0,25.0,4,33.366134,-86.937397,1753499040
11995.0,2017,Hyundai,Accent,SE,102400.0,Automatic,FWD,41.0,33.0,4,33.639237,-112.345,1751376315
13995.0,2017,Hyundai,Elantra,SE,99962.0,Automatic,FWD,43.0,33.0,4,33.639237,-112.345,1751376294
12495.0,2013,Chevrolet,Impala,LS,74180.0,Automatic,FWD,30.0,18.0,4,33.639237,-112.345,1751376308
14495.0,2019,Kia,Soul,Base,83708.0,Automatic,FWD,36.0,29.0,5,33.639237,-112.345,1751376310
12995.0,2013,Buick,Regal,GS,77579.0,Automatic,FWD,31.0,21.0,4,33.639237,-112.345,1754541390
12995.0,2016,Hyundai,Elantra,Limited,98838.0,Automatic,FWD,41.0,31.0,4,33.639237,-112.345,1753421265
14991.0,2018,Hyundai,Kona,SE,44000.0,Automatic,FWD,33.0,27.0,5,40.113249,-83.089316,1754882501
34149.0,2024,Volkswagen,Atlas,SE w/Tech,10088.0,Automatic,FWD,27.0,21.0,5,34.083022,-83.986413,1754378294
19990.0,2020,Jeep,Cherokee,Latitude Plus,69088.0,Automatic,4WD,29.0,21.0,5,39.466082,-84.465167,1754623409
17990.0,2024,Chevrolet,Malibu,1LT,37972.0,CVT,FWD,37.0,29.0,4,33.44014,-112.261967,1754368150
12995.0,2017,Hyundai,Accent,SE,86674.0,Automatic,FWD,41.0,33.0,4,33.639237,-112.345,1753589366
12995.0,2017,Hyundai,Accent,SE,89582.0,Automatic,FWD,41.0,33.0,4,33.450858,-112.107393,1751435766
12995.0,2016,Hyundai,Elantra GT,Base,89315.0,Automatic,FWD,37.0,27.0,5,33.639237,-112.345,1751376291
31460.0,2025,Hyundai,Sonata,SEL,39601.0,Automatic,4WD,34.0,25.0,4,42.092896,-76.019698,1753071090
23374.0,2022,Ford,Escape,Titanium,62283.0,Automatic,4WD,31.0,23.0,5,42.225441,-71.03267,1754277520
15590.0,2018,Chevrolet,Malibu,Hybrid,91893.0,Automatic,FWD,46.0,49.0,4,39.824942,-85.923198,1754120683
14495.0,2017,Hyundai,Elantra GT,GT,83650.0,Automatic,FWD,37.0,27.0,5,33.639237,-112.345,1751376291
19590.0,2021,Jeep,Cherokee,Latitude Lux,91866.0,Automatic,4WD,29.0,21.0,5,41.415114,-82.162291,1754278765
15495.0,2016,Chevrolet,Malibu,1LT,95508.0,Automatic,FWD,37.0,29.0,4,33.639237,-112.345,1751376290
31499.0,2024,Volkswagen,Atlas,SE w/Tech,29386.0,Automatic,FWD,27.0,21.0,5,25.970138,-80.205246,1754021848
14877.0,2014,Chevrolet,Camaro,1LT,64324.0,Automatic,RWD,31.0,22.0,2,39.500206,-119.765523,1754367859
11495.0,2013,Hyundai,Elantra,GLS,85121.0,Automatic,FWD,43.0,33.0,4,33.639237,-112.345,1751376290
20590.0,2019,Jeep,Cherokee,Latitude Plus,39769.0,Automatic,4WD,29.0,21.0,5,40.533464,-112.345336,1753836805
12995.0,2016,Hyundai,Elantra,Value Edition,94665.0,Automatic,FWD,40.0,30.0,4,33.639237,-112.345,1752645728
23440.0,2024,Mitsubishi,Eclipse Cross,LE,17326.0,CVT,4WD,26.0,25.0,5,42.879437,-72.233661,1754882494
64999.0,2025,Toyota,Tundra,Limited,1918.0,Automatic,4WD,22.0,17.0,4,35.176705,-80.796985,1754797547
24264.0,2024,Ford,Edge,ST-Line,30489.0,Automatic,4WD,28.0,21.0,5,45.496351,-122.412249,1754623860
24264.0,2024,Ford,Escape,ST-Line,22576.0,Automatic,4WD,32.0,26.0,5,42.453896,-70.960347,1754711040
24228.0,2024,Ford,Edge,ST-Line,29537.0,Automatic,4WD,28.0,21.0,5,32.737275,-117.17746,1754021046
13990.0,2016,Mazda,CX-3,Touring,64449.0,Automatic,4WD,35.0,29.0,5,26.430241,-81.778888,1753848031
172960.0,2024,Porsche,911,GTS,1570.0,Manual,RWD,26.0,20.0,2,34.042384,-84.336896,1753246055
24920.0,2024,Mitsubishi,Outlander,SE,44878.0,CVT,FWD,31.0,25.0,5,33.967918,-84.142772,1754624564
34920.0,2023,Hyundai,IONIQ 5,Limited,13872.0,Automatic,RWD,98.0,132.0,5,33.56678,-84.525086,1753935582
36750.0,2024,Hyundai,Palisade,Limited,44405.0,Automatic,4WD,25.0,19.0,5,44.173789,-88.483903,1754193249
24174.0,2024,Ford,Edge,SEL,26386.0,Automatic,4WD,28.0,21.0,5,28.053463,-82.459749,1754449567
19676.0,2022,Chevrolet,Malibu,RS,49341.0,CVT,FWD,36.0,29.0,4,35.188132,-80.758767,1754877753
13995.0,2016,Hyundai,Sonata Hybrid,Base,26256.0,Automatic,FWD,54.0,50.0,4,41.207903,-96.023028,1754710505
23688.0,2023,Hyundai,Sonata Hybrid,Blue,12172.0,Automatic,FWD,54.0,50.0,4,39.302559,-85.959015,1753425406
7455.0,2007,Buick,Lucerne,CX,111174.0,Automatic,FWD,28.0,19.0,4,33.639237,-112.345,1751376262
31150.0,2020,Volkswagen,Atlas Cross Sport,SEL R-Line,37274.0,Automatic,FWD,23.0,18.0,5,30.276744,-97.742027,1746063930
12995.0,2017,Hyundai,Accent,SE,93456.0,Automatic,FWD,41.0,33.0,4,33.639237,-112.345,1751376274
48270.0,2024,Ford,F-150,XLT,19686.0,Automatic,4WD,28.0,24.0,4,28.3572,-82.183005,1754539534
38014.0,2025,Volkswagen,Atlas,SE w/Tech,20528.0,Automatic,4WD,26.0,20.0,5,37.628285,-122.400569,1754709796
17495.0,2019,Mazda,Mazda6,Grand Touring,104861.0,Automatic,FWD,40.0,28.0,4,38.505717,-90.451019,1754800871
63490.0,2025,Ford,Mustang,Dark Horse,92.0,Manual,RWD,23.0,15.0,2,25.45967,-80.468198,1754797035
59981.0,2023,Lexus,GX,PREMIUM,24806.0,Automatic,4WD,21.0,15.0,5,38.505717,-90.451019,1754456607
65401.0,2024,Land Rover,Defender,X-Dynamic SE,37714.0,Automatic,4WD,21.0,18.0,5,38.505717,-90.451019,1754626026
23272.0,2021,Ford,Escape,SEL,16187.0,Automatic,4WD,31.0,23.0,5,42.879437,-72.233661,1754796214
37993.0,2025,Volkswagen,Atlas,SE w/Tech,20436.0,Automatic,4WD,26.0,20.0,5,33.959724,-118.373132,1754882482
20399.0,2022,Toyota,Camry,XSE,102627.0,Automatic,FWD,39.0,28.0,4,32.247599,-80.835641,1754537935
37967.0,2025,Volkswagen,Atlas,SE w/Tech,20659.0,Automatic,4WD,26.0,20.0,5,35.201112,-80.783712,1754709794
38018.0,2015,Chevrolet,Camaro,ZL1,35073.0,Manual,RWD,24.0,15.0,2,28.000049,-82.505856,1754797365
32998.0,2020,Lexus,LS,Base,74311.0,Automatic,RWD,30.0,19.0,4,25.783878,-80.334801,1754355186
12995.0,2015,Hyundai,Tucson,SE,92490.0,Automatic,FWD,33.0,26.0,5,33.639237,-112.345,1753938139
37995.0,2023,Hyundai,Palisade,Limited,24061.0,Automatic,4WD,25.0,19.0,5,28.000049,-82.505856,1752908801
11995.0,2013,Chevrolet,Impala,2FL,87588.0,Automatic,FWD,30.0,19.0,4,33.639237,-112.345,1752988700
44995.0,2018,Ford,F-350 Super Duty,Lariat,129894.0,Automatic,4WD,32.0,24.0,4,45.509792,-122.967618,1754542443
28910.0,2024,Mazda,MX-5 Miata,Sport,143.0,Manual,RWD,34.0,27.0,2,42.908844,-77.69772,1754622563
20341.0,2017,Honda,Ridgeline,RTL-T,120101.0,Automatic,4WD,25.0,18.0,4,39.942415,-83.83363,1754710366
11400.0,2015,Ford,Edge,SEL,95819.0,Automatic,4WD,28.0,21.0,5,39.326039,-84.511978,1754623728
18500.0,2016,Lexus,NX,200t,108095.0,Automatic,4WD,28.0,22.0,5,43.620364,-116.298611,1754709625
18500.0,2023,Chevrolet,Malibu,1LT,52932.0,CVT,FWD,37.0,29.0,4,40.200925,-75.090452,1754539944
129000.0,2022,Mercedes-Benz,Sprinter Cargo Van,Base,5660.0,Automatic,4WD,32.0,24.0,4,33.830346,-118.167192,1750127315
11000.0,2014,Cadillac,ATS,Luxury Collection,91743.0,Automatic,4WD,32.0,23.0,4,39.326039,-84.511978,1754363592
11995.0,2017,Hyundai,Accent,SE,94246.0,Automatic,FWD,41.0,33.0,4,33.639237,-112.345,1751376264
38448.0,2025,Volkswagen,Atlas Cross Sport,SE w/Tech,26505.0,Automatic,4WD,26.0,20.0,5,38.797676,-90.320103,1754710120
38452.0,2025,Volkswagen,Atlas Cross Sport,SE w/Tech,23727.0,Automatic,FWD,27.0,21.0,5,45.496351,-122.412249,1754710294
38423.0,2025,Volkswagen,Atlas Cross Sport,SE w/Tech,24989.0,Automatic,FWD,27.0,21.0,5,38.797676,-90.320103,1754710119
38429.0,2025,Volkswagen,Atlas Cross Sport,SE w/Tech,24673.0,Automatic,FWD,27.0,21.0,5,39.251872,-84.296947,1754710119
38439.0,2025,Volkswagen,Atlas Cross Sport,SE w/Tech,23086.0,Automatic,FWD,27.0,21.0,5,28.053463,-82.459749,1754710120
38464.0,2025,Volkswagen,Atlas Cross Sport,SE w/Tech,23721.0,Automatic,FWD,27.0,21.0,5,37.628285,-122.400569,1754710591
20296.0,2020,Toyota,RAV4,XLE,137804.0,Automatic,4WD,33.0,27.0,5,39.942415,-83.83363,1754710364
38402.0,2025,Volkswagen,Atlas,SE w/Tech,18700.0,Automatic,4WD,26.0,20.0,5,35.042212,-106.6264,1754710119
38380.0,2025,Volkswagen,Atlas,SE w/Tech,18888.0,Automatic,4WD,26.0,20.0,5,37.628285,-122.400569,1754710399
38369.0,2025,Volkswagen,Atlas Cross Sport,SE w/Tech,26634.0,Automatic,FWD,27.0,21.0,5,35.795863,-78.640118,1754710397
38399.0,2025,Volkswagen,Atlas Cross Sport,SE w/Tech,25686.0,Automatic,FWD,27.0,21.0,5,37.628285,-122.400569,1754710119
38364.0,2025,Volkswagen,Atlas Cross Sport,SE w/Tech,26787.0,Automatic,FWD,27.0,21.0,5,33.919015,-118.092562,1754710119
38366.0,2025,Volkswagen,Atlas Cross Sport,SE w/Tech,26450.0,Automatic,FWD,27.0,21.0,5,42.012594,-87.888266,1754710119
38331.0,2025,Volkswagen,Atlas Cross Sport,SE w/Tech,30952.0,Automatic,FWD,27.0,21.0,5,32.839461,-96.99136,1754710119
39995.0,2022,Mercedes-Benz,Sprinter Cargo Van,Base,23958.0,Automatic,RWD,32.0,24.0,4,34.071259,-117.446393,1751087578
37985.0,2025,Volkswagen,Atlas Cross Sport,SE w/Tech,30767.0,Automatic,4WD,26.0,20.0,5,38.776597,-77.184507,1754882470
38322.0,2025,Volkswagen,Atlas,SE w/Tech,19472.0,Automatic,4WD,26.0,20.0,5,29.537537,-98.484654,1754710118
38323.0,2025,Volkswagen,Atlas Cross Sport,SE w/Tech,27824.0,Automatic,FWD,27.0,21.0,5,45.496351,-122.412249,1754710118
29969.0,2022,Toyota,RAV4,XLE,35971.0,Automatic,4WD,33.0,27.0,5,42.908844,-77.69772,1754111377
52044.0,2022,RAM,Ram 2500 Pickup,Laramie,32744.0,Automatic,4WD,32.0,24.0,4,42.908844,-77.69772,1754276298
62495.0,2024,RAM,Ram 2500 Pickup,Laramie,4987.0,Automatic,4WD,32.0,24.0,4,45.509792,-122.967618,1748155415
11995.0,2016,Kia,Soul,Base,104405.0,Automatic,FWD,36.0,29.0,5,33.639237,-112.345,1753589400
24991.0,2022,Chevrolet,Malibu,Premier,25593.0,Automatic,FWD,33.0,22.0,4,42.908844,-77.69772,1754622793
27124.0,2021,Volkswagen,Atlas Cross Sport,SE w/Tech R-Line,47852.0,Automatic,4WD,23.0,17.0,5,42.908844,-77.69772,1754362839
17549.0,2024,Chevrolet,Malibu,1LT,40965.0,CVT,FWD,37.0,29.0,4,40.692262,-74.281938,1754710416
17548.0,2024,Chevrolet,Malibu,1LT,31687.0,CVT,FWD,37.0,29.0,4,38.797676,-90.320103,1754710703
42990.0,2022,RAM,Ram 2500 Pickup,Tradesman,64018.0,Automatic,4WD,32.0,24.0,4,33.366134,-86.937397,1752810373
25323.0,2021,Lexus,UX,200,41477.0,Automatic,FWD,37.0,29.0,5,38.892278,-77.429184,1754451266
17547.0,2024,Chevrolet,Malibu,1LT,28538.0,CVT,FWD,37.0,29.0,4,32.737275,-117.17746,1753852345
17547.0,2024,Chevrolet,Malibu,1LT,31581.0,CVT,FWD,37.0,29.0,4,33.466233,-111.9235,1754710413
49590.0,2024,RAM,Ram 2500 Pickup,Big Horn,40296.0,Automatic,4WD,32.0,24.0,4,33.366134,-86.937397,1754451530
44990.0,2020,RAM,Ram 2500 Pickup,Big Horn,71473.0,Automatic,4WD,32.0,24.0,4,39.466082,-84.465167,1752810490
15999.0,2023,Hyundai,Kona,SEL,102726.0,CVT,4WD,33.0,28.0,5,39.111508,-77.558173,1753935875
33795.0,2023,Hyundai,IONIQ 5,Limited,22129.0,Automatic,4WD,90.0,113.0,5,39.111508,-77.558173,1753244903
27700.0,2019,RAM,Ram 2500 Pickup,Tradesman,95311.0,Automatic,4WD,32.0,24.0,4,42.908844,-77.69772,1754882462
47443.0,2024,RAM,Ram 2500 Pickup,Big Horn,22280.0,Automatic,4WD,32.0,24.0,4,42.908844,-77.69772,1754537188
54794.0,2023,RAM,Ram 2500 Pickup,Laramie,14895.0,Automatic,4WD,32.0,24.0,4,42.908844,-77.69772,1754796163
28995.0,2023,Hyundai,IONIQ 5,SEL,16797.0,Automatic,4WD,96.0,116.0,5,39.111508,-77.558173,1754802998
13678.0,2020,Hyundai,IONIQ,Blue,91816.0,Automatic,FWD,59.0,57.0,5,42.745707,-71.202483,1754541329
21000.0,2019,Chevrolet,Impala,1LT,32680.0,Automatic,FWD,31.0,22.0,4,42.908844,-77.69772,1753938984
70000.0,2023,RAM,Ram 2500 Pickup,Power Wagon,13673.0,Automatic,4WD,32.0,24.0,4,35.186854,-89.90119,1754625781
22995.0,2022,Hyundai,Sonata,SEL,17139.0,Automatic,FWD,37.0,27.0,4,39.111508,-77.558173,1754802996
12689.0,2020,Kia,Soul,GT-Line,79159.0,Automatic,FWD,35.0,29.0,5,39.111508,-77.558173,1753935874
64999.0,2021,Jaguar,F-TYPE,R,12269.0,Automatic,4WD,24.0,16.0,3,35.186854,-89.90119,1754623380
12495.0,2011,Cadillac,CTS,Luxury Collection,66497.0,Manual,RWD,33.0,23.0,4,33.639237,-112.345,1754626783
20590.0,2018,Subaru,Impreza,Premium,41829.0,CVT,4WD,37.0,28.0,5,34.00343,-83.784309,1754368077
32989.0,2019,Lexus,GX,PREMIUM,91467.0,Automatic,4WD,21.0,15.0,5,28.022495,-82.736988,1754372911
12995.0,2016,Kia,Soul,Base,99447.0,Automatic,FWD,36.0,29.0,5,33.639237,-112.345,1751376260
39500.0,2018,Porsche,Panamera,Base,76340.0,Automatic,RWD,27.0,21.0,5,33.830346,-118.167192,1754796225
25500.0,2021,Volkswagen,Atlas,SE,33258.0,Automatic,4WD,26.0,21.0,5,40.057404,-82.954925,1729559323
18990.0,2018,Subaru,Impreza,Premium,42568.0,CVT,4WD,38.0,28.0,4,42.268412,-71.406589,1753935926
13990.0,2013,Hyundai,Genesis,3.8,108477.0,Automatic,RWD,32.0,23.0,4,33.549055,-84.550698,1754625196
18726.0,2023,Kia,Soul,LX,51584.0,Automatic,FWD,36.0,29.0,5,35.893477,-78.75745,1753846485
15990.0,2018,Subaru,Impreza,Premium,84178.0,CVT,4WD,38.0,28.0,4,38.840234,-94.538738,1754625570
16500.0,2017,Toyota,Tacoma,SR,129846.0,Manual,4WD,21.0,19.0,4,40.057404,-82.954925,1729559215
14290.0,2018,Hyundai,Elantra,Value Edition,88267.0,Automatic,FWD,40.0,30.0,4,33.306834,-111.956283,1754449469
17995.0,2023,Kia,Soul,EX,9776.0,Automatic,FWD,35.0,29.0,5,40.057404,-82.954925,1729559373
12495.0,2016,Kia,Soul,Base,85714.0,Automatic,FWD,36.0,29.0,5,33.639237,-112.345,1753589311
27990.0,2023,Subaru,Legacy,Limited,22531.0,CVT,4WD,36.0,27.0,4,33.306834,-111.956283,1754625709
17990.0,2020,Subaru,Impreza,Base,71073.0,Automatic,4WD,37.0,28.0,5,42.998925,-78.530147,1752380656
24143.0,2021,Toyota,Camry,SE Nightshade,34817.0,Automatic,FWD,39.0,28.0,4,32.919769,-96.996173,1754882455
27990.0,2022,Hyundai,Santa Cruz,SEL,31073.0,Automatic,4WD,29.0,21.0,4,40.533464,-112.345336,1754534487
16590.0,2018,Hyundai,Elantra,SE,29651.0,Automatic,FWD,43.0,33.0,4,37.318014,-77.397499,1754700551
26590.0,2022,Hyundai,Santa Cruz,SEL,25278.0,Automatic,4WD,29.0,21.0,4,32.848631,-97.33693,1754116564
19999.0,2019,Mazda,Mazda3,Preferred AWD,48915.0,Automatic,4WD,32.0,24.0,5,47.20911,-122.293881,1754882453
21590.0,2019,Volkswagen,Atlas,SE w/Tech,89555.0,Automatic,4WD,24.0,21.0,5,28.077342,-81.601247,1752906791
21590.0,2019,Volkswagen,Atlas,SE w/Tech,80397.0,Automatic,FWD,27.0,21.0,5,29.940661,-95.49131,1754027521
28920.0,2023,Hyundai,Palisade,SE,68928.0,Automatic,4WD,25.0,19.0,5,33.78593,-84.61775,1753417091
15495.0,2018,Ford,Escape,SE,89613.0,Automatic,4WD,32.0,26.0,5,33.639237,-112.345,1751376252
15500.0,2021,Ford,Escape,S,94295.0,Automatic,4WD,32.0,26.0,5,38.963931,-92.356493,1754710196
21481.0,2022,Hyundai,Sonata,SEL,32495.0,Automatic,FWD,37.0,27.0,4,40.33359,-75.13698,1754796663
15500.0,2019,Subaru,Outback,Limited,120571.0,CVT,4WD,33.0,26.0,5,38.963931,-92.356493,1754796949
16995.0,2019,Chevrolet,Malibu,Hybrid,77550.0,Automatic,FWD,46.0,49.0,4,31.072198,-98.184865,1754536891
11995.0,2015,Hyundai,Accent,GLS,108461.0,Automatic,FWD,41.0,33.0,4,33.639237,-112.345,1752988678
62660.0,2025,Ford,F-150,XLT,39601.0,Automatic,RWD,30.0,25.0,4,27.984475,-82.506321,1754450389
12995.0,2017,Hyundai,Accent,SE,93931.0,Automatic,FWD,37.0,28.0,5,33.639237,-112.345,1754800159
13995.0,2019,Kia,Soul,Base,95115.0,Automatic,FWD,36.0,29.0,5,33.639237,-112.345,1751612345
25920.0,2021,Volkswagen,Atlas Cross Sport,SE w/Tech R-Line,62829.0,Automatic,FWD,23.0,18.0,5,34.091826,-84.00786,1754367201
4500.0,2017,Volkswagen,Passat,S,85000.0,Automatic,FWD,38.0,25.0,4,40.7422,-74.20617,1752928576
7955.0,2015,Hyundai,Accent,GLS,128890.0,Automatic,FWD,41.0,33.0,4,33.639237,-112.345,1751376258
16497.0,2022,Chevrolet,Malibu,1LT,60175.0,CVT,FWD,37.0,29.0,4,40.623817,-80.053026,1754626301
16597.0,2015,Chevrolet,Camaro,2LT,81270.0,Automatic,RWD,31.0,22.0,2,33.727531,-117.797654,1754539263
11995.0,2012,Hyundai,Tucson,GLS,92852.0,Automatic,FWD,33.0,26.0,5,33.639237,-112.345,1754451281
